"","station","depth","temperature","salinity","density"
"1","Musq_10",-0.15,17.1951717332587,29.2828915663617,1021.0782008148
"2","Musq_10",-0.45,17.1879466966376,29.2841537579493,1021.08205822128
"3","Musq_10",-0.75,15.7380871210241,30.5972890571144,1022.42505249545
"4","Musq_10",-1.05,15.4372571288233,30.7785365418851,1022.63165956422
"5","Musq_10",-1.35,15.3584735648855,30.8421568826527,1022.6989796923
"6","Musq_10",-1.65,15.3563033495825,30.8620028754333,1022.71603707415
"7","Musq_10",-1.95,15.3405338353985,30.8864049505534,1022.73953229814
"8","Musq_10",-2.25,15.2876458723214,30.9022062546133,1022.76442474897
"9","Musq_10",-2.55,15.2694262983177,30.9236543444879,1022.78618044039
"10","Musq_10",-2.85,15.2587877289306,30.9449681321223,1022.80619550114
"11","Musq_10",-3.15,15.2336766916205,30.9796642129698,1022.83958679786
"12","Musq_10",-3.45,15.2717177363428,30.9400456948438,1022.80225453929
"13","Musq_10",-3.75,15.2690741778089,30.95822939896,1022.81817708962
"14","Musq_10",-4.05,15.2262674604208,30.9707679681089,1022.83838996695
"15","Musq_10",-4.35,15.191963604276,30.969655989628,1022.8462333852
"16","Musq_10",-4.65,15.1772546831105,30.9978482230923,1022.87240932169
"17","Musq_10",-4.95,15.146233050539,31.034188251961,1022.90834095297
"18","Musq_10",-5.25,15.1047404689486,31.0863435034619,1022.95867435797
"19","Musq_10",-5.55,15.0972335262749,31.0892400788672,1022.96384217945
"20","Musq_10",-5.85,15.0789542220121,31.0930181988307,1022.97199835944
"21","Musq_10",-6.15,15.0637848677332,31.1063115661327,1022.98680588361
"22","Musq_10",-6.45,15.0513673216374,31.1222717886623,1023.00307442908
"23","Musq_10",-6.75,15.0577584657451,31.1105216240177,1022.99400675488
"24","Musq_10",-7.05,15.0579472749727,31.1126184644526,1022.99691922946
"25","Musq_10",-7.35,15.0576176631022,31.111799664891,1022.99769784015
"26","Musq_10",-7.65,15.0576526942975,31.1064130089324,1022.9948831394
"27","Musq_10",-7.95,15.0650972099391,31.1002117102092,1022.98986098853
"28","Musq_10",-8.25,15.075512316689,31.0943448160209,1022.98446244644
"29","Musq_10",-8.55,15.0902795252235,31.0585174905672,1022.95520322811
"30","Musq_12",-0.15,17.751477116898,26.5818045764513,1018.88931486417
"31","Musq_12",-0.45,16.2796765609897,30.3488724413006,1022.10842551999
"32","Musq_12",-0.75,15.1736091368078,31.3554850698699,1023.13064000494
"33","Musq_12",-1.05,15.0654408052231,31.4271115997692,1023.21040758776
"34","Musq_12",-1.35,14.9428420837898,31.4795044164712,1023.2783612748
"35","Musq_12",-1.65,14.8893882286935,31.5102342361667,1023.31475953031
"36","Musq_12",-1.95,14.8511321281143,31.5418657829943,1023.34858937915
"37","Musq_12",-2.25,14.8332214103164,31.5681793115604,1023.3739912616
"38","Musq_12",-2.55,14.8375716761956,31.5483442601448,1023.35913155742
"39","Musq_12",-2.85,14.8270155379428,31.5589321976552,1023.37086471875
"40","Musq_12",-3.15,14.8171906059704,31.5521718621619,1023.36907949164
"41","Musq_12",-3.45,14.8181774576362,31.5347033662032,1023.35675638953
"42","Musq_12",-3.75,14.8169815041998,31.5473947799317,1023.36812422829
"43","Musq_12",-4.05,14.8190448620188,31.5579194721234,1023.37713214568
"44","Musq_12",-4.35,14.8222379997679,31.5407928105409,1023.36460408912
"45","Musq_12",-4.65,14.8124012911709,31.5513301431911,1023.37614108382
"46","Musq_12",-4.95,14.8283047233402,31.544170863347,1023.36859816819
"47","Musq_12",-5.25,14.8530269972436,31.5712343088557,1023.38539966862
"48","Musq_14",-0.15,17.1926437958226,26.9840868457804,1019.32772440784
"49","Musq_14",-0.45,16.3584523361252,30.1920171523844,1021.9689785987
"50","Musq_14",-0.75,15.5574695104062,31.0460186200702,1022.80794894993
"51","Musq_14",-1.05,15.0331170770836,31.4706441068521,1023.25074123377
"52","Musq_14",-1.35,14.8545502698093,31.613616894896,1023.40038862794
"53","Musq_14",-1.65,14.8017139682845,31.6594663956063,1023.44826076596
"54","Musq_14",-1.95,14.782325095038,31.68017282315,1023.46966475758
"55","Musq_14",-2.25,14.7704762823025,31.6787076498965,1023.47238320796
"56","Musq_14",-2.55,14.7574488727783,31.687902874491,1023.48356974053
"57","Musq_14",-2.85,14.743704965114,31.6930500949318,1023.49178760014
"58","Musq_14",-3.15,14.7291549471423,31.710415998993,1023.50958435109
"59","Musq_14",-3.45,14.7199930695368,31.7159622397027,1023.51713291391
"60","Musq_14",-3.75,14.7176344703069,31.7160031683533,1023.51900296351
"61","Musq_14",-4.05,14.7145625061795,31.716800472456,1023.52160525789
"62","Musq_14",-4.35,14.7102515986173,31.7146304327753,1023.52218404641
"63","Musq_14",-4.65,14.7004084428665,31.7216546007437,1023.53101269912
"64","Musq_14",-4.95,14.6998735087388,31.7272489698856,1023.53677531943
"65","Musq_14",-5.25,14.6993228922846,31.7235646077307,1023.53539132431
"66","Musq_14",-5.55,14.6931542395811,31.7277607428594,1023.54126449477
"67","Musq_14",-5.85,14.6889505776934,31.6703002325039,1023.49921658984
"68","Musq_14",-6.15,14.689831843263,31.7259461203999,1023.54324454856
"69","Musq_14",-6.45,14.6904482509044,31.7319024721464,1023.54904273383
"70","Musq_14",-6.75,14.6869576343761,31.7328159656786,1023.55182199997
"71","Musq_14",-7.05,14.6851731710268,31.73559727003,1023.55568067397
"72","Musq_14",-7.35,14.6804181605388,31.733963175179,1023.5567636421
"73","Musq_14",-7.65,14.6767326308099,31.7430225383553,1023.56586010709
"74","Musq_14",-7.95,14.6792249793059,31.7671546598105,1023.5852653201
"75","Musq_14",-8.25,14.6990474000271,31.7561157074304,1023.5739131692
"76","Musq_14",-8.55,14.7223902383634,31.7589992065861,1023.57254847712
"77","Musq_14",-8.75,14.7472267150879,31.7628941775029,1023.57113365124
"78","Musq_16",-0.15,17.3268253269024,25.8084052212303,1018.40266086777
"79","Musq_16",-0.45,16.460616483525,28.8004248497575,1020.88260794049
"80","Musq_16",-0.75,15.452488083862,30.7673083228398,1022.61720561714
"81","Musq_16",-1.05,14.8898180317363,31.492654612728,1023.29834637126
"82","Musq_16",-1.35,14.7683887431798,31.5946579247248,1023.40405178233
"83","Musq_16",-1.65,14.7052074499824,31.6586706690111,1023.46801639236
"84","Musq_16",-1.95,14.6455341226273,31.6912523399906,1023.50702099971
"85","Musq_16",-2.25,14.5689630119883,31.746109510793,1023.56677818359
"86","Musq_16",-2.55,14.527900801678,31.7807642667385,1023.60344963801
"87","Musq_16",-2.85,14.5196854868353,31.803975602176,1023.62440232142
"88","Musq_16",-3.15,14.5166320072806,31.8334957659834,1023.64913306808
"89","Musq_16",-3.45,14.4969240623752,31.8892233327939,1023.6975587752
"90","Musq_16",-3.75,14.4834560863423,31.8931309415707,1023.70473257359
"91","Musq_16",-4.05,14.4783555749049,31.8914568074054,1023.70584871666
"92","Musq_16",-4.35,14.4881374075854,31.8858246665314,1023.70080035528
"93","Musq_16",-4.55,14.557245457216,31.6985531465456,1023.54315917213
"94","Musq_16",-4.65,14.557245457216,31.6985531465456,1023.54315917213
"95","Musq_18",-0.15,16.4314694668446,29.4977820000576,1021.41677151319
"96","Musq_18",-0.45,14.6664113007194,31.6776775654848,1023.48534016035
"97","Musq_18",-0.75,14.4953517438565,31.9382145508862,1023.72354774949
"98","Musq_18",-1.05,14.458197667602,31.9782795576973,1023.76357117626
"99","Musq_18",-1.35,14.4434942477031,31.9745778479638,1023.76514282905
"100","Musq_18",-1.65,14.4215948393347,31.9751346562144,1023.77149607171
"101","Musq_18",-1.95,14.4063549463006,31.9938349477289,1023.79044069477
"102","Musq_18",-2.25,14.4056377630707,32.0044535875421,1023.80011863068
"103","Musq_18",-2.55,14.4072605365608,32.0122022087449,1023.80709257526
"104","Musq_18",-2.85,14.4251485786461,32.0225708737255,1023.8126816067
"105","Musq_18",-3.15,14.446339875019,32.0354161313304,1023.81947837256
"106","Musq_18",-3.45,14.4297022957844,32.0494302941288,1023.83511479527
"107","Musq_18",-3.75,14.404270359372,32.0417395311877,1023.83585299148
"108","Musq_18",-4.05,14.4035344144625,32.0590110509306,1023.85066445938
"109","Musq_18",-4.35,14.4221976056266,31.9857697029632,1023.7916271225
"110","Musq_18",-4.65,14.3952375767898,32.000115830767,1023.80966479288
"111","Musq_18",-4.95,14.3930485622406,32.0168471191557,1023.82436362463
"112","Musq_18",-5.25,14.4042706632758,32.0313525143915,1023.8345421581
"113","Musq_18",-5.55,14.4141450898204,32.0372358076505,1023.83835047381
"114","Musq_18",-5.85,14.4284531504985,32.0397236686098,1023.83861007729
"115","Musq_18",-6.15,14.4177139915995,32.0431971435765,1023.84487897494
"116","Musq_18",-6.45,14.4239542746778,31.9770891199381,1023.7939457769
"117","Musq_18",-6.75,14.3970198724522,31.9931604156718,1023.81331024409
"118","Musq_18",-7.05,14.3874832332255,32.0065890245375,1023.82699677633
"119","Musq_18",-7.35,14.3835222758071,32.0092853198047,1023.83124258769
"120","Musq_18",-7.65,14.384233385176,32.0167594278442,1023.83819748817
"121","Musq_18",-7.95,14.4057747249127,32.0024213628704,1023.82398730613
"122","Musq_18",-8.25,14.4338800931621,32.0310442722038,1023.84146862751
"123","Musq_2",-0.15,19.9881753044257,11.2643837558269,1006.75293373254
"124","Musq_2",-0.45,19.7938028386901,13.9136611729018,1008.80264394811
"125","Musq_2",-0.75,19.3896900195532,15.7923952533685,1010.31959639577
"126","Musq_2",-1.05,19.1204532136339,17.5644779337734,1011.72561181781
"127","Musq_2",-1.35,18.8732606468618,18.0510416532796,1012.15254182139
"128","Musq_2",-1.65,18.6888864030976,18.8600458603814,1012.8099548393
"129","Musq_2",-1.95,18.5545176041999,19.7507446423223,1013.51844225363
"130","Musq_2",-2.25,18.4346080580563,20.4542493088001,1014.08183265711
"131","Musq_2",-2.55,18.3285095687753,20.9201807521397,1014.46146027424
"132","Musq_2",-2.85,18.1992478531238,21.3801167719308,1014.84195365613
"133","Musq_2",-3.15,18.0337110105532,22.0430719707682,1015.38538870053
"134","Musq_2",-3.45,17.9055078099923,22.650462593577,1015.87797710023
"135","Musq_2",-3.75,17.7236522724179,23.3204207773272,1016.43079610643
"136","Musq_2",-4.05,17.5169092485285,24.3815303028429,1017.28785976101
"137","Musq_2",-4.35,17.364149767067,24.7899604583977,1017.63516863596
"138","Musq_2",-4.65,17.2564095589323,25.0555509385129,1017.86343273758
"139","Musq_2",-4.95,17.1718517256531,25.2934622228818,1018.06537008878
"140","Musq_2",-5.25,17.1201130315682,25.413288269604,1018.16977717006
"141","Musq_2",-5.55,17.0900145352702,25.5276742549512,1018.26520977073
"142","Musq_2",-5.85,17.0642000883162,25.6051191268302,1018.33147161038
"143","Musq_2",-6.15,17.0496758798293,25.5489490684022,1018.29311184286
"144","Musq_2",-6.45,17.0500029611411,25.6888574796373,1018.40130141297
"145","Musq_2",-6.75,17.0439334122889,25.6697575363314,1018.38939268468
"146","Musq_2",-7.05,17.039612286007,25.6652764199831,1018.3882683501
"147","Musq_20",-0.15,15.5376258390109,30.4057292781453,1022.31731873507
"148","Musq_20",-0.45,14.6307202217569,31.4813580426718,1023.34177638298
"149","Musq_20",-0.75,14.5189215836068,31.5980043889884,1023.45643439456
"150","Musq_20",-1.05,14.5152159996531,31.5703377120584,1023.43722909511
"151","Musq_20",-1.35,14.503218222215,31.5997168193914,1023.46371807237
"152","Musq_20",-1.65,14.4844868976919,31.702591648106,1023.54825705926
"153","Musq_20",-1.95,14.4705378040451,31.6979196056721,1023.54890419988
"154","Musq_20",-2.25,14.4181404487095,31.7227045838989,1023.58026453962
"155","Musq_20",-2.55,14.4208015155193,31.6739612728626,1023.54348279636
"156","Musq_20",-2.85,14.3918299914259,31.7269784398681,1023.59171796495
"157","Musq_20",-3.15,14.3626780462592,31.7599725961508,1023.62456398257
"158","Musq_20",-3.45,14.3950137802957,31.6811499666566,1023.55841958939
"159","Musq_20",-3.75,14.3695341315103,31.7085292649841,1023.58616303986
"160","Musq_20",-4.05,14.346418555277,31.7300529441024,1023.60890525751
"161","Musq_20",-4.35,14.3398388327846,31.7266478981208,1023.60898772288
"162","Musq_20",-4.65,14.3403281046002,31.7286093902611,1023.61173440728
"163","Musq_20",-4.95,14.3600634915078,31.7104180644067,1023.59494223924
"164","Musq_20",-5.25,14.3813794142214,31.699668664834,1023.58356195577
"165","Musq_20",-5.55,14.3850345912457,31.7155519116374,1023.59639656023
"166","Musq_20",-5.85,14.395101936551,31.7003164802336,1023.5839014281
"167","Musq_20",-6.15,14.3951392928913,31.6972704438741,1023.58288616111
"168","Musq_20",-6.45,14.3921222714705,31.7207256342359,1023.60293663167
"169","Musq_20",-6.75,14.3638636266596,31.8468815465739,1023.70742504141
"170","Musq_20",-7.05,14.3452938049384,31.8646958382548,1023.72636446048
"171","Musq_20",-7.35,14.3441704577969,31.8657647077952,1023.72876048035
"172","Musq_20",-7.65,14.3465980766822,31.8577225962968,1023.72339022907
"173","Musq_20",-7.95,14.3462612450815,31.8580211645685,1023.72503086424
"174","Musq_20",-8.25,14.3477637257689,31.8579000493271,1023.72596683809
"175","Musq_20",-8.55,14.3705603076033,31.855779534929,1023.72114843305
"176","Musq_22",-0.15,15.1761339317871,31.311930282624,1023.09316821475
"177","Musq_22",-0.45,14.6398237920951,31.7596175849149,1023.55427441215
"178","Musq_22",-0.75,14.6111124357053,31.7608802254778,1023.56262738961
"179","Musq_22",-1.05,14.6019532507009,31.7787738820878,1023.57968309423
"180","Musq_22",-1.35,14.592254853414,31.7832112612527,1023.58647594747
"181","Musq_22",-1.65,14.5660165149668,31.8007176261423,1023.60681727697
"182","Musq_22",-1.95,14.5427644263949,31.8242274393771,1023.63115596489
"183","Musq_22",-2.25,14.5225301242929,31.8543084640343,1023.65992073094
"184","Musq_22",-2.55,14.4974688151129,31.8841182077835,1023.68948538947
"185","Musq_22",-2.85,14.4522846862099,31.935408494995,1023.73982027934
"186","Musq_22",-3.15,14.4187512978587,31.9741703398005,1023.77805424754
"187","Musq_22",-3.45,14.399748324557,31.9938925805096,1023.79857070212
"188","Musq_22",-3.75,14.3811718952619,32.0104796297844,1023.81657614359
"189","Musq_22",-4.05,14.3770679762033,32.0199115165619,1023.82604522383
"190","Musq_22",-4.35,14.3843161446172,32.0258680400641,1023.83046506836
"191","Musq_22",-4.65,14.373689683668,32.0418485070844,1023.8463461153
"192","Musq_22",-4.95,14.3769331627076,32.022981262334,1023.83245967322
"193","Musq_22",-5.25,14.3754945667448,32.0242241296152,1023.83505881582
"194","Musq_22",-5.55,14.3691543328493,32.0318333140921,1023.84358859363
"195","Musq_22",-5.85,14.3663836785467,32.0346114284997,1023.8476484694
"196","Musq_22",-6.25,14.3765286431185,32.0258954282101,1023.84051460834
"197","Musq_24",-0.15,15.6910687637381,29.318192661406,1021.44782214541
"198","Musq_24",-0.45,14.9440250604557,31.3932496721465,1023.20511921996
"199","Musq_24",-0.75,14.2620886436516,32.05757369513,1023.86398671717
"200","Musq_24",-1.05,14.0876253837875,32.189394002677,1024.00332638257
"201","Musq_24",-1.35,14.0350616534696,32.2214575952419,1024.04025665487
"202","Musq_24",-1.65,14.0052799260248,32.2356462984656,1024.05867783842
"203","Musq_24",-1.95,13.9884126658862,32.2464296536817,1024.07180949182
"204","Musq_24",-2.25,13.9830156455262,32.248807862733,1024.07609546034
"205","Musq_24",-2.55,13.9812607474279,32.2546049094395,1024.08227291054
"206","Musq_24",-2.85,13.978267441465,32.254040691789,1024.08379308058
"207","Musq_24",-3.15,13.97615006328,32.2573822542783,1024.08814859861
"208","Musq_24",-3.45,13.9757443503789,32.2570252989864,1024.08929819886
"209","Musq_24",-3.75,13.9716168181232,32.2588965809483,1024.09293082502
"210","Musq_24",-4.05,13.9711003682457,32.2587759480919,1024.09428509948
"211","Musq_24",-4.35,13.9689117385185,32.2606399585641,1024.09751435962
"212","Musq_24",-4.65,13.969350048774,32.2606796450732,1024.09879666319
"213","Musq_24",-4.95,13.9682922123981,32.2600732952477,1024.09988695324
"214","Musq_24",-5.25,13.9701750846849,32.2581043984667,1024.09932232993
"215","Musq_24",-5.55,13.9781752603786,32.2560407585505,1024.09743013286
"216","Musq_24",-5.75,13.9863284303286,32.243219101149,1024.08700875125
"217","Musq_26",-0.15,15.873504109359,26.8554402109145,1019.52845580246
"218","Musq_26",-0.45,15.2045665193262,31.0337335338129,1022.87172789267
"219","Musq_26",-0.75,14.5825189919209,31.8056944485521,1023.60216605116
"220","Musq_26",-1.05,14.1493831407007,32.1566549258835,1023.96531386783
"221","Musq_26",-1.35,14.1147571294203,32.1744682507737,1023.9875708979
"222","Musq_26",-1.65,14.0956535513172,32.1980678558068,1024.01107596914
"223","Musq_26",-1.95,14.0750502572588,32.192311590977,1024.01222879529
"224","Musq_26",-2.25,14.0638203301238,32.1865936172885,1024.01147016561
"225","Musq_26",-2.55,14.0672845008487,32.1916475745292,1024.01600102759
"226","Musq_26",-2.85,14.0546226313297,32.1902027570919,1024.01883206373
"227","Musq_26",-3.15,14.0512216127215,32.1911047989155,1024.02157039928
"228","Musq_26",-3.45,14.0421739649513,32.2012613301055,1024.03261178329
"229","Musq_26",-3.75,14.0418305865463,32.200402908087,1024.03336107785
"230","Musq_26",-4.05,14.0381613243693,32.2036133129936,1024.03793460467
"231","Musq_26",-4.35,14.0381363390885,32.2026258895307,1024.03851887379
"232","Musq_26",-4.65,14.0350064755332,32.2040901270781,1024.04163372881
"233","Musq_26",-4.95,14.0391884093031,32.2061322202456,1024.04369118642
"234","Musq_26",-5.25,14.0525654895574,32.2054504611269,1024.0417532954
"235","Musq_26",-5.55,14.05441854859,32.1878919786443,1024.02916005377
"236","Musq_26",-5.85,14.049076251068,32.1927277425184,1024.03533485966
"237","Musq_26",-6.15,14.0610938208992,32.1922938081297,1024.03417407976
"238","Musq_28",-0.15,15.1671453783041,30.642143214673,1022.57836803331
"239","Musq_28",-0.45,15.1645348112208,30.6401622435163,1022.57871385592
"240","Musq_28",-0.75,14.1316513103503,32.0873996847243,1023.9141947977
"241","Musq_28",-1.05,14.0718731289305,32.1407807092049,1023.96907923176
"242","Musq_28",-1.35,14.0397975748736,32.1621791312504,1023.99353938602
"243","Musq_28",-1.65,14.0223187735921,32.2028183627104,1024.02984353186
"244","Musq_28",-1.95,14.0111696964865,32.207843366104,1024.03735386611
"245","Musq_28",-2.25,14.0079650249571,32.2133778559039,1024.04362603297
"246","Musq_28",-2.55,14.0049401298651,32.2189481610217,1024.04988799359
"247","Musq_28",-2.85,14.0029946146075,32.2184120176334,1024.05121524737
"248","Musq_28",-3.15,13.998806149553,32.2224693862179,1024.05654877545
"249","Musq_28",-3.45,13.9988477474488,32.2276562981105,1024.06188568258
"250","Musq_28",-3.75,14.0028601898772,32.2271768327915,1024.062032716
"251","Musq_28",-4.05,14.0039028844303,32.2046276457529,1024.04575393307
"252","Musq_28",-4.35,13.987593353521,32.2199237468978,1024.06225063931
"253","Musq_28",-4.65,13.9831177540166,32.2281304847491,1024.07084541493
"254","Musq_28",-4.95,13.9844023005266,32.226321151829,1024.07052651627
"255","Musq_28",-5.25,13.9841204997843,32.2234604441737,1024.06971756633
"256","Musq_28",-5.55,13.9817991728949,32.2284673513911,1024.07540032487
"257","Musq_28",-5.85,13.9821082495591,32.228957748968,1024.07705651408
"258","Musq_28",-6.15,13.9807797803171,32.2223401438071,1024.07356192257
"259","Musq_28",-6.45,13.981721883888,32.2313191452826,1024.08164145707
"260","Musq_28",-6.75,13.9853774717569,32.2144847442556,1024.06923725941
"261","Musq_28",-7.05,13.9814423097357,32.223896867142,1024.07865229342
"262","Musq_28",-7.35,13.9866759981191,32.2199567844956,1024.07587843447
"263","Musq_28",-7.65,14.0030970756538,32.2133341703323,1024.06870344634
"264","Musq_32",-0.15,15.2888505545829,28.720764310532,1021.08108656988
"265","Musq_32",-0.45,14.5642292425443,31.7308394552653,1023.54774909856
"266","Musq_32",-0.75,14.2784689285281,32.0841529922898,1023.88135594152
"267","Musq_32",-1.05,14.2580720916078,32.110020450648,1023.90688410842
"268","Musq_32",-1.35,14.2499340966409,32.0924386735324,1023.89634535863
"269","Musq_32",-1.65,14.2381829958754,32.0951875108501,1023.90224534522
"270","Musq_32",-1.95,14.2362385992199,32.1021892936412,1023.90939128865
"271","Musq_32",-2.25,14.2359516682634,32.098832900575,1023.90820265531
"272","Musq_32",-2.55,14.2464111270945,32.0982379115214,1023.90691735568
"273","Musq_32",-2.85,14.256936962126,32.0925028258247,1023.90165240593
"274","Musq_32",-3.15,14.2541072521197,32.1029770205032,1023.9116602335
"275","Musq_32",-3.45,14.2571507264434,32.0992699716942,1023.90950905974
"276","Musq_32",-3.75,14.2560275523098,32.1023974364536,1023.91349460873
"277","Musq_32",-4.05,14.2580340075454,32.1032765789229,1023.9150948553
"278","Musq_32",-4.35,14.2537382369342,32.110850030657,1023.92317040976
"279","Musq_32",-4.65,14.2539925340002,32.1146059451633,1023.92735405629
"280","Musq_32",-4.95,14.2513599028728,32.1186436779288,1023.93235103956
"281","Musq_32",-5.25,14.2182934125699,32.1352892586294,1023.95337715117
"282","Musq_32",-5.55,14.16277324323,32.1310158353642,1023.96292392134
"283","Musq_32",-5.85,14.1325920279358,32.1211976217196,1023.96292624434
"284","Musq_32",-6.15,14.1165855799467,32.1287918040633,1023.97342822791
"285","Musq_32",-6.45,14.1082464651741,32.1222304794128,1023.9714252452
"286","Musq_32",-6.75,14.1007811997699,32.1355861715871,1023.98461174574
"287","Musq_32",-7.05,14.1015730132514,32.134336638466,1023.98482540131
"288","Musq_32",-7.35,14.1037907216619,32.135112031414,1023.98630794194
"289","Musq_32",-7.65,14.0974798905276,32.128909056615,1023.98416264958
"290","Musq_32",-7.95,14.0886049717443,32.1419766101713,1023.99741629891
"291","Musq_32",-8.25,14.0871435759187,32.1427312943458,1023.99964067014
"292","Musq_32",-8.55,14.079314267064,32.1488327204749,1024.00730314928
"293","Musq_32",-8.85,14.0688452185452,32.1530920932023,1024.01408717336
"294","Musq_32",-9.15,14.0573418222429,32.1598443103046,1024.02300638507
"295","Musq_32",-9.45,14.0459216733793,32.1656511651466,1024.03117787344
"296","Musq_32",-9.75,14.0401192446103,32.1620133611389,1024.03090437315
"297","Musq_32",-10.05,14.02886626829,32.1665081752251,1024.03802903807
"298","Musq_32",-10.35,14.0190828706972,32.1687732718729,1024.04312889057
"299","Musq_32",-10.65,14.0158962438108,32.1791137904015,1024.05310640141
"300","Musq_32",-10.95,14.0189063649848,32.1812184970407,1024.05545339107
"301","Musq_32",-11.25,14.0135354787896,32.1756874001664,1024.05362796886
"302","Musq_32",-11.55,14.0072147197446,32.1803155275608,1024.05983979497
"303","Musq_32",-11.85,13.9969740937897,32.1855554967349,1024.06732816819
"304","Musq_32",-12.05,13.9605877988884,32.2010748095204,1024.08811415666
"305","Musq_32",-12.15,14.0062841590283,32.1861844485975,1024.06724457259
"306","Musq_32",-12.35,13.9546104973828,32.2108068209156,1024.09819348067
"307","Musq_32",-12.45,13.999536401051,32.1954689563146,1024.07713801589
"308","Musq_32",-12.65,13.9720862507423,32.2036571941002,1024.09043064737
"309","Musq_32",-12.95,13.9652943940337,32.1991991692138,1024.08972263075
"310","Musq_32",-13.25,13.9486189180224,32.2079440814344,1024.10123471027
"311","Musq_32",-13.65,13.9498560079755,32.2056006517247,1024.10059994125
"312","Musq_4",-0.15,19.9087950194079,23.805391093082,1016.24644967277
"313","Musq_4",-0.45,18.7562519473917,24.5860946911385,1017.1336606583
"314","Musq_4",-0.75,17.6432524310167,25.7392644999634,1018.27938784316
"315","Musq_4",-1.05,17.2209589915594,26.0610126345563,1018.62309177457
"316","Musq_4",-1.35,17.0546513265751,26.2584218900914,1018.81269502169
"317","Musq_4",-1.65,16.9321449622487,26.4623876257122,1018.9972694811
"318","Musq_4",-1.95,16.8591107285919,26.6946091495861,1019.1924692368
"319","Musq_4",-2.25,16.7770372059765,26.872650028944,1019.34825602942
"320","Musq_4",-2.55,16.6853883554391,27.0163284432139,1019.47983420143
"321","Musq_4",-2.85,16.6253542863816,27.1972671530335,1019.63294229887
"322","Musq_4",-3.15,16.5923635672663,27.3243404468415,1019.73884149962
"323","Musq_4",-3.45,16.5386810992843,27.4378559246277,1019.83894410909
"324","Musq_4",-3.75,16.4819106583679,27.5045832862011,1019.90391213743
"325","Musq_4",-4.05,16.4551957815176,27.5451911264734,1019.94223097286
"326","Musq_4",-4.35,16.4438009275252,27.5694383875983,1019.96464609822
"327","Musq_4",-4.65,16.4277282591015,27.6021222824518,1019.99455349763
"328","Musq_4",-4.95,16.4160950012445,27.6274557687964,1020.01785282563
"329","Musq_4",-5.25,16.4066387603079,27.6366090076022,1020.02827939663
"330","Musq_4",-5.55,16.4015513703665,27.6337355485921,1020.02853543658
"331","Musq_4",-5.85,16.3978810835988,27.6471424898957,1020.04094893166
"332","Musq_4",-6.15,16.3919834549163,27.6445297826294,1020.04158096311
"333","Musq_4",-6.45,16.3893848569519,27.6625648848153,1020.05730525572
"334","Musq_4",-6.75,16.3848536158859,27.6715887251083,1020.06654985234
"335","Musq_4",-7.05,16.379672904374,27.6958118992361,1020.08758123111
"336","Musq_4",-7.35,16.3874345316173,27.7312716188365,1020.11438025754
"337","Musq_4",-7.55,16.3836908729314,27.7605861081876,1020.13859472768
"338","Musq_6",-0.15,17.9878735997269,26.9924374971574,1019.14766709144
"339","Musq_6",-0.45,16.8122743812938,27.8298428290103,1020.06457269708
"340","Musq_6",-0.75,16.5688938368021,28.0625029712371,1020.29853926132
"341","Musq_6",-1.05,16.4284902413799,28.4396497074468,1020.61991519741
"342","Musq_6",-1.35,16.3381274236097,28.6121350079961,1020.77342963642
"343","Musq_6",-1.65,16.294105214637,28.6725805378014,1020.83081707364
"344","Musq_6",-1.95,16.2407632962736,28.7446501720168,1020.89914357028
"345","Musq_6",-2.25,16.1842397014832,28.9488112447396,1021.06942630331
"346","Musq_6",-2.55,16.1451290084049,29.0087857165613,1021.12534599745
"347","Musq_6",-2.85,16.1306295087343,29.0201872817004,1021.13860718442
"348","Musq_6",-3.15,16.1041833666855,29.0686723494851,1021.18293550997
"349","Musq_6",-3.45,16.0914650010639,29.0857745459302,1021.20017481418
"350","Musq_6",-3.75,16.0753924281812,29.1330702338326,1021.24130642811
"351","Musq_6",-4.05,16.0423294625598,29.1763809826599,1021.28311518226
"352","Musq_6",-4.35,15.999669990787,29.2431282598501,1021.34497437296
"353","Musq_6",-4.65,15.9661852072655,29.2570030583367,1021.36425395185
"354","Musq_6",-4.95,15.8985487081886,29.3107352244413,1021.4216044868
"355","Musq_6",-5.25,15.8832687251408,29.3056952567193,1021.4224095494
"356","Musq_6",-5.55,15.8629037999222,29.3259254747226,1021.44371314857
"357","Musq_6",-5.85,15.8580103824968,29.322065418981,1021.44315546148
"358","Musq_6",-6.15,15.8522608695225,29.3277830060559,1021.45013383811
"359","Musq_6",-6.45,15.8444870264629,29.3381685490605,1021.46113461655
"360","Musq_6",-6.75,15.8396510964587,29.3469579588608,1021.47027028677
"361","Musq_6",-7.05,15.8377232631673,29.344162369754,1021.46988117164
"362","Musq_6",-7.35,15.8379907313313,29.3420962071719,1021.4695751994
"363","Musq_6",-7.65,15.8408770882003,29.3427163819108,1021.47076173503
"364","Musq_6",-7.95,15.8487496775419,29.3314097774608,1021.46171004923
"365","Musq_6",-8.25,15.851749052413,29.3335860337509,1021.46406615636
"366","Musq_6",-8.45,15.8445735970995,29.3422800281146,1021.47341347158
"367","Musq_8",-0.15,18.4292997827042,26.5186104110596,1018.67391632037
"368","Musq_8",-0.45,16.287232910966,29.1312893010739,1021.1780314809
"369","Musq_8",-0.75,15.9225239599411,29.7510829106086,1021.73551133865
"370","Musq_8",-1.05,15.7955642651122,29.8471045425977,1021.83837791142
"371","Musq_8",-1.35,15.7372730836431,29.8760047639733,1021.87460874543
"372","Musq_8",-1.65,15.722613795653,29.9321715911986,1021.92226015973
"373","Musq_8",-1.95,15.7029305723565,30.0086922055222,1021.9866373904
"374","Musq_8",-2.25,15.6878605630005,30.0065039328873,1021.98957512903
"375","Musq_8",-2.55,15.6803235693958,30.0136937785378,1021.99807316083
"376","Musq_8",-2.85,15.7032828305829,30.0402381064475,1022.01480335324
"377","Musq_8",-3.15,15.6409443172673,30.0845945157771,1022.06375429943
"378","Musq_8",-3.45,15.625963386741,30.0548553956215,1022.04549230167
"379","Musq_8",-3.75,15.5892864253311,30.0765852320512,1022.07145979576
"380","Musq_8",-4.05,15.5494024933926,30.1130148648489,1022.10939124052
"381","Musq_8",-4.35,15.5060287518783,30.1779339429967,1022.16997816678
"382","Musq_8",-4.65,15.4864577007955,30.2145925140328,1022.20371011833
"383","Musq_8",-4.95,15.4939407437044,30.200723188726,1022.19277310686
"384","Musq_8",-5.25,15.4884434979362,30.2289626924335,1022.21699885408
"385","Musq_8",-5.55,15.4511749626775,30.2592396127326,1022.2496468279
"386","Musq_8",-5.85,15.43526413655,30.2788670525578,1022.26950012987
"387","Musq_8",-6.15,15.4244898142308,30.2979528902137,1022.28782814914
"388","Musq_8",-6.45,15.4215530167332,30.305786955069,1022.29581984159
"389","Musq_8",-6.75,15.4155385688264,30.3094723389537,1022.30128547354
"390","Musq_8",-7.05,15.4183257209436,30.3100915403285,1022.30249978828
"391","Musq_8",-7.35,15.4208010336917,30.3161187788066,1022.30793738123
"392","Musq_8",-7.65,15.4251834837102,30.3012709303515,1022.29691985873
"393","Musq_8",-7.95,15.4229127552224,30.3069368059542,1022.30310195029
"394","Musq_8",-8.35,15.4546455186328,30.2922546712712,1022.28675219662
"395","Zone 2A_1",-0.15,15.7479806299951,28.4260435005141,1020.75667545422
"396","Zone 2A_1",-0.45,15.3339062638637,31.1544130869347,1022.93942863952
"397","Zone 2A_1",-0.75,14.7491780728667,31.6564241719737,1023.45261336894
"398","Zone 2A_1",-1.05,14.5978721728404,31.7676487164729,1023.57157226633
"399","Zone 2A_1",-1.35,14.5472338446047,31.8162855774521,1023.62116235373
"400","Zone 2A_1",-1.65,14.4334771299446,31.8941507528654,1023.70644940271
"401","Zone 2A_1",-1.95,14.2765903945187,32.02651877257,1023.84261627409
"402","Zone 2A_1",-2.25,14.2132072641661,32.0548086208715,1023.87886946299
"403","Zone 2A_1",-2.55,14.1816052692568,32.0485509865208,1023.88191320698
"404","Zone 2A_1",-2.85,14.1199869273713,32.0895169028092,1023.92762955976
"405","Zone 2A_1",-3.15,14.0703455159947,32.1265342334564,1023.96778819224
"406","Zone 2A_1",-3.45,14.0411901130828,32.1439597647885,1023.98858173835
"407","Zone 2A_1",-3.75,14.031514699168,32.1582963563605,1024.00297795422
"408","Zone 2A_1",-4.05,14.029871551124,32.1645357075981,1024.00947231734
"409","Zone 2A_1",-4.35,14.0209629162633,32.1823150046024,1024.02636725709
"410","Zone 2A_1",-4.65,14.0126002281256,32.1763878073734,1024.02485062973
"411","Zone 2A_1",-4.95,14.0088022749699,32.169779807072,1024.02187207385
"412","Zone 2A_1",-5.25,13.9953913382091,32.1774174240242,1024.03186049648
"413","Zone 2A_1",-5.55,13.983292944168,32.1837602970373,1024.04057926356
"414","Zone 2A_1",-5.85,13.9725283859319,32.188419595079,1024.04772339656
"415","Zone 2A_1",-6.15,13.9519377675041,32.2012381098625,1024.063180399
"416","Zone 2A_1",-6.45,13.9520142035526,32.1986491649444,1024.06250842337
"417","Zone 2A_1",-6.75,13.9500848070868,32.2037013087361,1024.06814617299
"418","Zone 2A_1",-7.05,13.9451047527292,32.2137340164878,1024.07825333822
"419","Zone 2A_1",-7.35,13.9516916709555,32.2006741632706,1024.06841335272
"420","Zone 2A_10",-0.15,14.9041473250708,31.3133118653789,1023.15191838102
"421","Zone 2A_10",-0.45,14.4690405121,31.9226228200265,1023.71529229483
"422","Zone 2A_10",-0.75,14.1872442658003,32.1311283348585,1023.93645420735
"423","Zone 2A_10",-1.05,14.1133343202458,32.1811783720248,1023.9917178735
"424","Zone 2A_10",-1.35,14.0722624628802,32.2079528705875,1024.02219108475
"425","Zone 2A_10",-1.65,14.0468635786407,32.2115664876283,1024.03154905156
"426","Zone 2A_10",-1.95,14.0317581957964,32.2128638851258,1024.03699929171
"427","Zone 2A_10",-2.25,14.0135861301434,32.2189872632409,1024.04680051934
"428","Zone 2A_10",-2.55,14.0024244860418,32.2187243316392,1024.05023147503
"429","Zone 2A_10",-2.85,13.9945317979204,32.2293155655311,1024.06136961897
"430","Zone 2A_10",-3.15,13.9906357591206,32.2310676132321,1024.06486312411
"431","Zone 2A_10",-3.45,13.9909493061591,32.2303823289986,1024.06561146718
"432","Zone 2A_10",-3.75,13.9876005769344,32.2311050994776,1024.06819714198
"433","Zone 2A_10",-4.05,13.9844902590078,32.2326672927787,1024.07138313371
"434","Zone 2A_10",-4.35,13.9839165333157,32.2312696981982,1024.07176367841
"435","Zone 2A_10",-4.65,13.9768671249902,32.2319002892389,1024.07503766542
"436","Zone 2A_10",-4.95,13.9717893166051,32.2379362933839,1024.08208006977
"437","Zone 2A_10",-5.25,13.9692185456497,32.2330967069102,1024.08021235873
"438","Zone 2A_10",-5.55,13.9689722927458,32.2320745470561,1024.08081523464
"439","Zone 2A_10",-5.85,13.9701280289287,32.2339193148019,1024.08334396509
"440","Zone 2A_10",-6.15,13.9682927061544,32.2322935973612,1024.08380661779
"441","Zone 2A_10",-6.45,13.9696832997536,32.2361779331669,1024.08786173099
"442","Zone 2A_10",-6.75,13.976632073464,32.2467292161187,1024.09592351182
"443","Zone 2A_10",-7.05,13.9790678921381,32.2285100201096,1024.08269973705
"444","Zone 2A_10",-7.35,13.9726850835567,32.2288006187845,1024.08557523925
"445","Zone 2A_10",-7.65,13.9683853020468,32.2358698390106,1024.09325575434
"446","Zone 2A_10",-7.95,13.9682143506136,32.2353111217223,1024.09420089334
"447","Zone 2A_10",-8.25,13.9668971526267,32.2346493750514,1024.09530149615
"448","Zone 2A_10",-8.55,13.9811335462365,32.2306160070134,1024.09064603602
"449","Zone 2A_12",-0.15,15.4007765393439,28.7490066786898,1021.07792989928
"450","Zone 2A_12",-0.45,14.6862462388949,30.3003170053754,1022.42138679807
"451","Zone 2A_12",-0.75,14.1854146330257,32.0758140250356,1023.89417831772
"452","Zone 2A_12",-1.05,14.1552958544276,32.1023168189556,1023.92220090931
"453","Zone 2A_12",-1.35,14.1454876231047,32.1053050978104,1023.92787725347
"454","Zone 2A_12",-1.65,14.1355213259248,32.1105508753987,1023.93532605462
"455","Zone 2A_12",-1.95,14.1272780708503,32.1133351128987,1023.940518257
"456","Zone 2A_12",-2.25,14.1169950601511,32.1234632504608,1023.95179746848
"457","Zone 2A_12",-2.55,14.1140854495015,32.1273066860586,1023.95670458327
"458","Zone 2A_12",-2.85,14.1186736249246,32.1209441877968,1023.95218963485
"459","Zone 2A_12",-3.15,14.1170262148745,32.1230715662072,1023.95551308996
"460","Zone 2A_12",-3.45,14.1195614379308,32.1235615119647,1023.95670976928
"461","Zone 2A_12",-3.75,14.1188295113254,32.1171858407852,1023.95328207006
"462","Zone 2A_12",-4.05,14.1114073307732,32.1295984153607,1023.96573226629
"463","Zone 2A_12",-4.35,14.1116720925031,32.1305915434431,1023.96778515935
"464","Zone 2A_12",-4.65,14.1061512197238,32.12900977098,1023.96904348383
"465","Zone 2A_12",-4.95,14.1022711159384,32.1277355853895,1023.97020095132
"466","Zone 2A_12",-5.25,14.1026110051214,32.1307238595008,1023.97377799511
"467","Zone 2A_12",-5.55,14.1055046510243,32.1301018573507,1023.97404219474
"468","Zone 2A_12",-5.85,14.1051483845211,32.1240910072425,1023.97081830513
"469","Zone 2A_12",-6.15,14.0992517045263,32.129473141324,1023.97752785335
"470","Zone 2A_12",-6.45,14.1022318355949,32.1311662467193,1023.97956160685
"471","Zone 2A_12",-6.75,14.098661228577,32.1271897471158,1023.97856966215
"472","Zone 2A_12",-7.05,14.101820938855,32.1315954702066,1023.98265952862
"473","Zone 2A_12",-7.35,14.0962384674729,32.1337695360304,1023.98682861742
"474","Zone 2A_12",-7.65,14.0974465968789,32.1381159899025,1023.99127494603
"475","Zone 2A_12",-7.95,14.098715733328,32.1387469609081,1023.99284126785
"476","Zone 2A_12",-8.25,14.0939086665903,32.1328844653716,1023.99064864126
"477","Zone 2A_12",-8.45,14.1301019586697,32.143135848669,1023.99192581752
"478","Zone 2B_1",-0.15,15.3563717816617,29.872394199438,1021.94826323396
"479","Zone 2B_1",-0.45,14.6567855372633,31.4986451930388,1023.34936031763
"480","Zone 2B_1",-0.75,14.306578721921,32.1452971282496,1023.92265640085
"481","Zone 2B_1",-1.05,14.2774837460191,32.1683058115505,1023.94781041616
"482","Zone 2B_1",-1.35,14.2662970944749,32.1770935696128,1023.95825611012
"483","Zone 2B_1",-1.65,14.2584853211346,32.1786875712437,1023.96244935562
"484","Zone 2B_1",-1.95,14.2554819117621,32.1761466379255,1023.9624546989
"485","Zone 2B_1",-2.25,14.234445748852,32.1879103166506,1023.97723202911
"486","Zone 2B_1",-2.55,14.1973625496004,32.2027241335109,1023.99768073567
"487","Zone 2B_1",-2.85,14.1657979333285,32.2052037196201,1024.00745947716
"488","Zone 2B_1",-3.15,14.1520024483714,32.1854406969529,1023.99639900781
"489","Zone 2B_1",-3.45,14.1374681708619,32.2022520477373,1024.01371980075
"490","Zone 2B_1",-3.75,14.1268381022563,32.2149915143827,1024.02708645084
"491","Zone 2B_1",-4.05,14.1252528467716,32.2151012185759,1024.02883247806
"492","Zone 2B_1",-4.35,14.1236702187233,32.2125922803345,1024.02855970693
"493","Zone 2B_1",-4.65,14.1281882773407,32.2154350882645,1024.03115526225
"494","Zone 2B_1",-4.95,14.1311674803327,32.2109604444187,1024.02841749216
"495","Zone 2B_1",-5.25,14.1146229358065,32.1842594766988,1024.01258132396
"496","Zone 2B_1",-5.55,14.0755624572185,32.2015799192232,1024.03536379965
"497","Zone 2B_1",-5.85,14.0506700915675,32.2156739074327,1024.05271314413
"498","Zone 2B_1",-6.15,14.0403272403832,32.2244690560052,1024.06297294537
"499","Zone 2B_1",-6.45,14.033322246545,32.2265782481757,1024.06738364576
"500","Zone 2B_1",-6.75,14.0246133359469,32.2295478599559,1024.07280820682
"501","Zone 2B_1",-7.05,14.0167624619625,32.2340134330138,1024.0792102918
"502","Zone 2B_1",-7.35,14.0130960184853,32.2377667243303,1024.08420225531
"503","Zone 2B_1",-7.65,14.00960138077,32.2395443972537,1024.08763365964
"504","Zone 2B_1",-7.95,14.0057949195405,32.2361420017936,1024.08713038113
"505","Zone 2B_1",-8.25,14.00709070858,32.2383318369523,1024.08989581723
"506","Zone 2B_1",-8.55,14.0047471779837,32.2384010628546,1024.09177184918
"507","Zone 2B_1",-8.85,14.0063010884783,32.2383506139051,1024.09275492212
"508","Zone 2B_1",-9.15,14.0040764192428,32.2393440261294,1024.09531992167
"509","Zone 2B_1",-9.45,14.0055437646263,32.2390422365874,1024.09612674285
"510","Zone 2B_1",-9.75,14.0032096061185,32.2404433924782,1024.09902897551
"511","Zone 2B_1",-10.05,13.9993238426775,32.2448609493156,1024.10457827865
"512","Zone 2B_1",-10.35,13.9979764867761,32.2459581834843,1024.10704316053
"513","Zone 2B_1",-10.65,13.9974772878604,32.2442842721988,1024.1071947039
"514","Zone 2B_1",-10.95,13.9915820646911,32.24941543272,1024.1137074004
"515","Zone 2B_1",-11.25,13.988997774694,32.2488023119757,1024.11510591211
"516","Zone 2B_1",-11.55,13.9886683788177,32.2490861421116,1024.11673383409
"517","Zone 2B_1",-11.85,13.992954057868,32.2503514339077,1024.11817171158
"518","Zone 2B_1",-12.05,13.9905617766895,32.2513141836739,1024.12074732086
"519","Zone 2B_1",-12.15,13.9999910902039,32.2457538593379,1024.11451855751
"520","Zone 2B_1",-12.35,13.9928040688232,32.2464385926993,1024.11786430395
"521","Zone 2B_1",-12.65,13.9870819904967,32.246461758559,1024.1203983591
"522","Zone 2B_1",-12.95,13.9841800697935,32.2489707156686,1024.12427199429
"523","Zone 2B_1",-13.25,13.986765587359,32.2457148946777,1024.12256904165
"524","Zone 2B_1",-13.55,13.9918962832576,32.2488538081248,1024.12527966893
"525","Zone 2B_1",-13.75,13.9972553752869,32.2472659054922,1024.12376561251
"526","Zone 2B_2",-0.15,15.1043081444841,30.192758213702,1022.24853095654
"527","Zone 2B_2",-0.45,14.3122887983134,32.0618608417596,1023.85575673613
"528","Zone 2B_2",-0.75,14.240734933957,32.0962446016919,1023.89850879351
"529","Zone 2B_2",-1.05,14.2151786402653,32.1117161034206,1023.91708611038
"530","Zone 2B_2",-1.35,14.1949360416071,32.1253462370183,1023.93313322942
"531","Zone 2B_2",-1.65,14.1895154610025,32.1211726145012,1023.93237558068
"532","Zone 2B_2",-1.95,14.1794198050372,32.1305643367174,1023.94305074586
"533","Zone 2B_2",-2.25,14.1700253298319,32.137430676313,1023.95163139614
"534","Zone 2B_2",-2.55,14.1676509015886,32.1312405958793,1023.94868676281
"535","Zone 2B_2",-2.85,14.1650928328339,32.1378276290001,1023.95563891831
"536","Zone 2B_2",-3.15,14.1633143482076,32.1344716128685,1023.95475758302
"537","Zone 2B_2",-3.45,14.1612038081144,32.1365766504591,1023.95815888618
"538","Zone 2B_2",-3.75,14.1565737012389,32.1390929719853,1023.96239795494
"539","Zone 2B_2",-4.05,14.1530434727704,32.1412971521384,1023.96616871264
"540","Zone 2B_2",-4.35,14.1537508157237,32.1382046623043,1023.96497721786
"541","Zone 2B_2",-4.65,14.1515365393658,32.1438780779875,1023.97115317218
"542","Zone 2B_2",-4.95,14.1494341136995,32.1428739318102,1023.9721534221
"543","Zone 2B_2",-5.25,14.1510273250116,32.1446150634859,1023.97450863069
"544","Zone 2B_2",-5.55,14.1518449769465,32.1387608882013,1023.97116306204
"545","Zone 2B_2",-5.85,14.1492097454257,32.1417586102421,1023.97536133401
"546","Zone 2B_2",-6.15,14.1494226844154,32.1381096376974,1023.97384255393
"547","Zone 2B_2",-6.45,14.148988801731,32.1457032163599,1023.98113237448
"548","Zone 2B_2",-6.75,14.1457298062403,32.1444931430292,1023.98221247997
"549","Zone 2B_2",-7.05,14.1459174682708,32.1431887416353,1023.98250796653
"550","Zone 2B_2",-7.35,14.1428982681683,32.1465380343633,1023.98705667916
"551","Zone 2B_2",-7.65,14.1411418336353,32.1446559451632,1023.9873078503
"552","Zone 2B_2",-7.95,14.1423391198931,32.1425796850912,1023.98679922063
"553","Zone 2B_2",-8.25,14.1424163324309,32.1465288839092,1023.99117131906
"554","Zone 2B_2",-8.55,14.1424142232797,32.1450508144241,1023.99137195404
"555","Zone 2B_2",-8.85,14.1419458970497,32.145293952674,1023.99299697995
"556","Zone 2B_2",-9.15,14.1379578205411,32.144782752246,1023.99476684034
"557","Zone 2B_2",-9.45,14.1574655669053,32.017842587141,1023.89422528293
"558","Zone 2B_3",-0.15,15.6890310288157,29.6887157340808,1021.73380298181
"559","Zone 2B_3",-0.45,15.1138447019915,30.3531804009671,1022.37106383574
"560","Zone 2B_3",-0.75,14.4498141229591,31.9298748525687,1023.72655912725
"561","Zone 2B_3",-1.05,14.3068565224059,32.0693970443234,1023.86540282406
"562","Zone 2B_3",-1.35,14.2701916621107,32.1336106978452,1023.92390117318
"563","Zone 2B_3",-1.65,14.255053004781,32.1392560280714,1023.93274161687
"564","Zone 2B_3",-1.95,14.2450980105254,32.1493394937858,1023.9439291066
"565","Zone 2B_3",-2.25,14.2348470886163,32.156054789743,1023.95257637329
"566","Zone 2B_3",-2.55,14.2254758001111,32.1579223334476,1023.95730182952
"567","Zone 2B_3",-2.85,14.2121481353221,32.1660748014685,1023.96769399687
"568","Zone 2B_3",-3.15,14.196506659293,32.1759137639909,1023.97986426064
"569","Zone 2B_3",-3.45,14.1892096251385,32.1692675147514,1023.97758688172
"570","Zone 2B_3",-3.75,14.1741464975675,32.1752310444791,1023.9866469851
"571","Zone 2B_3",-4.05,14.1604870534771,32.1763123368502,1023.99164729826
"572","Zone 2B_3",-4.35,14.1502895077225,32.1887273080305,1024.00467577936
"573","Zone 2B_3",-4.65,14.1431031374927,32.1901291282021,1024.00858222339
"574","Zone 2B_3",-4.95,14.140785305235,32.1878442357783,1024.00863887434
"575","Zone 2B_3",-5.25,14.1334798756369,32.1917436992809,1024.01449854891
"576","Zone 2B_3",-5.55,14.121621140273,32.1932413764318,1024.01944310329
"577","Zone 2B_3",-5.85,14.1122863711571,32.199067858393,1024.02720697482
"578","Zone 2B_3",-6.15,14.1055739580976,32.2071431870636,1024.03616451696
"579","Zone 2B_3",-6.45,14.101351432136,32.2054901418465,1024.03709992314
"580","Zone 2B_3",-6.75,14.0973279602857,32.2074884436301,1024.04081202308
"581","Zone 2B_3",-7.05,14.0920283694902,32.2043602190496,1024.04083086598
"582","Zone 2B_3",-7.35,14.0854510000778,32.2039094139545,1024.04318084775
"583","Zone 2B_3",-7.65,14.0773694889411,32.2062544449245,1024.04799714756
"584","Zone 2B_3",-7.95,14.0714527924244,32.2169048357611,1024.05877689473
"585","Zone 2B_3",-8.25,14.0743383770206,32.211882606873,1024.05564739695
"586","Zone 2B_3",-8.55,14.0678213232955,32.2102391823507,1024.05706222909
"587","Zone 2B_3",-8.85,14.0668226565757,32.2165111590581,1024.0634495387
"588","Zone 2B_3",-9.15,14.0664232911593,32.220691094653,1024.06809840066
"589","Zone 2B_3",-9.45,14.0680179728519,32.2075605555617,1024.05897711861
"590","Zone 2B_3",-9.75,14.065784892207,32.210698720355,1024.06320021687
"591","Zone 2B_3",-10.05,14.0628196987311,32.2086909746313,1024.06360207938
"592","Zone 2B_3",-10.35,14.0635710270617,32.2147894056447,1024.06949510407
"593","Zone 2B_3",-10.65,14.0678009780253,32.2061525351296,1024.06329910294
"594","Zone 2B_3",-10.95,14.0644251377051,32.2124030269419,1024.07015928341
"595","Zone 2B_3",-11.25,14.0684290880488,32.2020821226116,1024.06270980037
"596","Zone 2B_3",-11.55,14.0683537483701,32.2113984506611,1024.07125640874
"597","Zone 2B_3",-11.85,14.0701586151656,32.2088028843815,1024.07022241768
"598","Zone 2B_3",-12.05,14.0680238833593,32.2111661527263,1024.07382696419
"599","Zone 2B_3",-12.15,14.0707028514794,32.2056043861739,1024.06898266565
"600","Zone 2B_3",-12.35,14.0695690624732,32.2091875896469,1024.07332248636
"601","Zone 2B_3",-12.45,14.0729356157185,32.2170179688973,1024.07867203008
"602","Zone 2B_3",-12.65,14.0749812317657,32.2047479055447,1024.07012177014
"603","Zone 2B_3",-13.05,14.0770812372428,32.2052337881413,1024.07152088492
"604","Zone 3_1",-0.15,14.9332254150528,30.2828699546934,1022.35437128304
"605","Zone 3_1",-0.45,14.9313738916313,30.2867733667997,1022.35910655444
"606","Zone 3_1",-0.75,14.3341995827781,31.9677708410972,1023.77991284645
"607","Zone 3_1",-1.05,14.226116102523,32.0735361054134,1023.8853430484
"608","Zone 3_1",-1.35,14.1868832007575,32.0990783914582,1023.91452635545
"609","Zone 3_1",-1.65,14.1765359586432,32.1092699941778,1023.9258729616
"610","Zone 3_1",-1.95,14.1672811296983,32.1187395180137,1023.93643416548
"611","Zone 3_1",-2.25,14.1667457863523,32.1209916304748,1023.93962409911
"612","Zone 3_1",-2.55,14.1657846473149,32.1208388904789,1023.94104614714
"613","Zone 3_1",-2.85,14.1597074100043,32.1223604953304,1023.94481622995
"614","Zone 3_1",-3.15,14.1607628183114,32.1248770023042,1023.94788072891
"615","Zone 3_1",-3.45,14.1615044225916,32.1204908735037,1023.94568414097
"616","Zone 3_1",-3.75,14.1562122090955,32.1248474706269,1023.95147979846
"617","Zone 3_1",-4.05,14.1555136843694,32.124785831796,1023.95291755561
"618","Zone 3_1",-4.35,14.1568052168449,32.12130507102,1023.95130605724
"619","Zone 3_1",-4.65,14.1527208654002,32.1277231542889,1023.95844272154
"620","Zone 3_1",-4.95,14.1551957083362,32.1198961253907,1023.95323231727
"621","Zone 3_1",-5.25,14.156781748926,32.1198274062732,1023.954192873
"622","Zone 3_1",-5.55,14.1509082673069,32.1218613426159,1023.95831642067
"623","Zone 3_1",-5.85,14.1475149358432,32.1314108499889,1023.96772670742
"624","Zone 3_1",-6.15,14.1508960273798,32.1254420164379,1023.96376347682
"625","Zone 3_1",-6.45,14.1524510693159,32.1269173655234,1023.96592122044
"626","Zone 3_1",-6.75,14.1530453073245,32.1246071118092,1023.96535668879
"627","Zone 3_1",-7.05,14.1503706796506,32.1281752813016,1023.97000333708
"628","Zone 3_1",-7.35,14.1487924607351,32.1305265691533,1023.97348423503
"629","Zone 3_1",-7.65,14.1488184235972,32.132394079666,1023.97626051707
"630","Zone 3_1",-7.95,14.1494467936067,32.1225845785903,1023.96990232893
"631","Zone 3_1",-8.25,14.1468305591688,32.1299861210856,1023.97749456186
"632","Zone 3_1",-8.55,14.1445149532215,32.1322688922852,1023.98107508294
"633","Zone 3_1",-8.85,14.1422056711837,32.1298885730489,1023.98105601183
"634","Zone 3_1",-9.15,14.1422212721106,32.1333469688539,1023.98506218043
"635","Zone 3_1",-9.45,14.1437103642085,32.1332830754962,1023.98604609791
"636","Zone 3_1",-9.75,14.1446964897976,32.1308491601642,1023.98530504421
"637","Zone 3_1",-10.05,14.1415186368355,32.1317704355611,1023.98801294106
"638","Zone 3_1",-10.35,14.137134935619,32.1349395959941,1023.99270432299
"639","Zone 3_1",-10.65,14.1309020923608,32.1402311447684,1023.99941453711
"640","Zone 3_1",-10.95,14.1103808955956,32.1567495804554,1024.01773538728
"641","Zone 3_1",-11.25,14.0970857105341,32.1632909527718,1024.02686722496
"642","Zone 3_1",-11.55,14.0875387276893,32.1684940040517,1024.03419186197
"643","Zone 3_1",-11.85,14.0819355598856,32.1802148778236,1024.04573237502
"644","Zone 3_1",-12.15,14.0798795856698,32.1749778579514,1024.04345459341
"645","Zone 3_1",-12.35,14.052224075566,32.1937399774587,1024.06497209603
"646","Zone 3_1",-12.45,14.0952624380479,32.158206981801,1024.02868377071
"647","Zone 3_1",-12.65,14.0583915077982,32.1939855329875,1024.0652317763
"648","Zone 3_1",-12.95,14.044879293124,32.1988289634996,1024.07309193102
"649","Zone 3_1",-13.25,14.0358605896899,32.2066808659613,1024.08234963807
"650","Zone 3_1",-13.45,14.0255847430069,32.2203696786819,1024.09584414683
"651","Zone 3_2",-0.15,15.0689715144425,30.6094364348627,1022.57669933168
"652","Zone 3_2",-0.45,15.0601734418114,30.6184470628028,1022.58682594436
"653","Zone 3_2",-0.75,14.5105362135019,31.9269620424067,1023.71170312403
"654","Zone 3_2",-1.05,14.4377612127337,31.9670387910994,1023.75919153995
"655","Zone 3_2",-1.35,14.3977526263525,31.9983076618123,1023.79300420586
"656","Zone 3_2",-1.65,14.3570920410743,32.0357083106017,1023.8316557368
"657","Zone 3_2",-1.95,14.3334253335223,32.0365234649711,1023.83855403843
"658","Zone 3_2",-2.25,14.3094274284437,32.0565945190514,1023.86036884498
"659","Zone 3_2",-2.55,14.2705675547042,32.0715372024193,1023.88130289989
"660","Zone 3_2",-2.85,14.2139971068025,32.0802738056911,1023.90110183483
"661","Zone 3_2",-3.15,14.1631845714238,32.1066705428335,1023.9333094484
"662","Zone 3_2",-3.45,14.1245100932822,32.1042316072321,1023.94075309966
"663","Zone 3_2",-3.75,14.0964831337068,32.1277659947362,1023.9660385953
"664","Zone 3_2",-4.05,14.0894803213217,32.1303794929644,1023.97083514303
"665","Zone 3_2",-4.35,14.0893890008119,32.1338230011132,1023.9748490849
"666","Zone 3_2",-4.65,14.0892262701359,32.1448102491397,1023.98470365236
"667","Zone 3_2",-4.95,14.0939217725389,32.1419494499873,1023.98287049347
"668","Zone 3_2",-5.25,14.1031477074912,32.1411805753216,1023.9817178845
"669","Zone 3_2",-5.55,14.0973814346276,32.1336101499686,1023.97841464463
"670","Zone 3_2",-5.85,14.0827308896617,32.1373374799524,1023.98565620216
"671","Zone 3_2",-6.15,14.0824282937471,32.1467590416249,1023.99433092078
"672","Zone 3_2",-6.45,14.0805470575408,32.1542007824405,1024.00179784968
"673","Zone 3_2",-6.75,14.07475426615,32.1490049551757,1024.00032068274
"674","Zone 3_2",-7.05,14.0662738003313,32.1408438186184,1023.99711445646
"675","Zone 3_2",-7.35,14.0787473520658,32.1382270004423,1023.99387103663
"676","Zone 3_2",-7.65,14.090120486194,32.1371849937141,1023.99206572865
"677","Zone 3_2",-7.95,14.0936048631932,32.1415759138969,1023.99607555255
"678","Zone 3_2",-8.25,14.0845220627418,32.1439966964652,1024.00115647222
"679","Zone 3_2",-8.55,14.0637239585806,32.1546468228979,1024.01499669231
"680","Zone 3_2",-8.85,14.0645873405816,32.1474321679445,1024.01059020477
"681","Zone 3_2",-9.15,14.0718093322296,32.1374517996625,1024.00274090637
"682","Zone 3_2",-9.45,14.0671223811043,32.1290845297469,1023.99859210739
"683","Zone 3_2",-9.75,14.0466874611337,32.1443757410292,1024.01594167305
"684","Zone 3_2",-10.05,14.0402601025282,32.1488911698657,1024.02209001671
"685","Zone 3_2",-10.35,14.0388439815187,32.1516828250395,1024.02587713612
"686","Zone 3_2",-10.65,14.0350999559644,32.1510141458733,1024.02747186272
"687","Zone 3_2",-10.95,14.0302007220127,32.1526177839282,1024.03105772598
"688","Zone 3_2",-11.25,14.0332919561655,32.1520528010283,1024.03132743671
"689","Zone 3_2",-11.55,14.0373824234348,32.1613363933964,1024.03899291143
"690","Zone 3_2",-11.85,14.0339710892354,32.153130566779,1024.03470148848
"691","Zone 3_2",-12.15,14.0282196276866,32.1538963873711,1024.03781625043
"692","Zone 3_2",-12.45,14.0299067382761,32.1528185632192,1024.03817026603
"693","Zone 3_3",-0.15,14.7083749320322,30.8150452476937,1022.81105349993
"694","Zone 3_3",-0.45,14.2194064213185,32.0906472562919,1023.89725910683
"695","Zone 3_3",-0.75,14.1931583240541,32.1004398643772,1023.91159355316
"696","Zone 3_3",-1.05,14.1786889155119,32.1109494276441,1023.92403812334
"697","Zone 3_3",-1.35,14.1620213790769,32.1180826859954,1023.93432988688
"698","Zone 3_3",-1.65,14.1408853679148,32.1239997546588,1023.94460073286
"699","Zone 3_3",-1.95,14.092703312868,32.1412406098059,1023.96917245683
"700","Zone 3_3",-2.25,14.0611080110533,32.161988727208,1023.99303373824
"701","Zone 3_3",-2.55,14.0421714040629,32.1617397910543,1023.99807984219
"702","Zone 3_3",-2.85,14.0313953490628,32.1630285582983,1024.00263151224
"703","Zone 3_3",-3.15,14.0261008324869,32.166829025603,1024.00799485269
"704","Zone 3_3",-3.45,14.0214919557878,32.1597366884315,1024.00480785851
"705","Zone 3_3",-3.75,14.0166079243573,32.1761632302706,1024.01983164283
"706","Zone 3_3",-4.05,14.0114022236077,32.1437731950194,1023.99723739829
"707","Zone 3_3",-4.35,14.0078582408562,32.1473193852778,1024.00204282124
"708","Zone 3_3",-4.65,14.0131638929467,32.1797628123605,1024.0273390757
"709","Zone 3_3",-4.95,14.0119610846265,32.1899864638904,1024.03681946523
"710","Zone 3_3",-5.25,14.0139146310175,32.1927015751545,1024.03985538084
"711","Zone 3_3",-5.55,14.0162181052197,32.1951617583166,1024.04262038856
"712","Zone 3_3",-5.85,14.0115700572966,32.2023525652615,1024.05046940525
"713","Zone 3_3",-6.15,14.0242265177723,32.1745768621869,1024.02776804314
"714","Zone 3_3",-6.45,14.0387964873883,32.1271494239819,1023.98949644882
"715","Zone 3_3",-6.75,14.0295573966344,32.1900260272124,1024.04127277943
"716","Zone 3_3",-7.05,14.0071756773865,32.2186942133862,1024.06934902267
"717","Zone 3_3",-7.35,14.0175827927213,32.2105686364123,1024.06227726846
"718","Zone 3_3",-7.65,14.0122978302439,32.2015924860517,1024.05777924813
"719","Zone 3_3",-7.95,13.9982301317341,32.2017005095078,1024.06209617229
"720","Zone 3_3",-8.25,14.0026968438368,32.2078751880916,1024.06728734483
"721","Zone 3_3",-8.55,14.0115381781008,32.1927123786567,1024.05510699313
"722","Zone 3_3",-8.85,14.0049060199412,32.1905267841675,1024.05612388488
"723","Zone 3_3",-9.15,13.9958205347185,32.1832923195525,1024.05374713292
"724","Zone 3_3",-9.45,13.9994176299119,32.2013879766963,1024.06831815229
"725","Zone 3_3",-9.75,14.0105141396502,32.1924525995111,1024.06048281184
"726","Zone 3_3",-10.05,14.0063199221575,32.1939362466386,1024.06383079705
"727","Zone 3_3",-10.35,13.9996668530886,32.1898708647151,1024.06340116708
"728","Zone 3_3",-10.65,14.0017946950212,32.2029278999477,1024.07438437982
"729","Zone 3_3",-10.95,14.0055974628391,32.1978257622053,1024.07100540726
"730","Zone 3_3",-11.25,14.0117407049129,32.1877698510346,1024.06332120684
"731","Zone 3_3",-11.55,14.0114139764813,32.1963994682643,1024.07139071634
"732","Zone 3_3",-11.85,14.0134377537294,32.1903217409502,1024.06762517767
"733","Zone 3_3",-12.25,13.9966352558379,32.1999718959551,1024.08048577198
