Site,Lat,Long,Date,Time,Temp,SpCond,Sal,Pressure,Depth,pH,pHmV,Turbid+,ChlugL,ChlRFU,Baro,Battery,Note
text,dd,dd,yyyy-mm-dd,hh:mm:ss,C,uS,ppt,psia,m,pH,mV,NTU,ugL,RFU,mmHG,v,text
MUSQ20,45.18727534,-66.25850157,2022-09-12,13:03,14.37,48996,32.01,,1.019,,,8.1,1.56,0.4,,12.1,
MUSQ20,45.18727534,-66.25850157,2022-09-12,13:04,14.3,49110,32.09,,11.202,,,8.9,1.05,0.27,,12.2,
MUSQ18,45.19232706,-66.26906585,2022-09-12,13:27,14.33,49130,32.11,,6.855,,,12.2,1.5,0.38,,12.1,
MUSQ18,45.19232706,-66.26906585,2022-09-12,13:27,14.33,49118,32.1,,1.042,,,11.7,1.58,0.4,,12.1,
MUSQ16,45.19069482,-66.28050756,2022-09-12,13:36,14.43,49003,32.02,,3.183,,,6.5,1.44,0.37,,12.2,
MUSQ16,45.19069482,-66.28050756,2022-09-12,13:37,14.63,48702,31.81,,1.19,,,25,1.94,0.5,,12.1,
MUSQ14,45.18629119,-66.28911185,2022-09-12,13:47,14.61,48774,31.86,,7.709,,,18.4,2.6,0.67,,12.1,
MUSQ14,45.18629119,-66.28911185,2022-09-12,13:48,14.71,48661,31.78,,1.012,,,15.3,2.3,0.59,,12.1,
MUSQ12,45.18212868,-66.29886375,2022-09-12,13:57,14.75,48506,31.67,,6.597,,,23.5,2.54,0.65,,12.1,
MUSQ12,45.18212868,-66.29886375,2022-09-12,13:58,14.81,48474,31.65,,1.235,,,23.9,2.24,0.58,,12.1,
MUSQ10,45.17575809,-66.29538823,2022-09-12,14:07,15.01,47916,31.24,,7.239,,,34.9,2.46,0.63,,12.2,
MUSQ10,45.17575809,-66.29538823,2022-09-12,14:07,15.23,47614,31.03,,0.756,,,27.4,2.62,0.67,,12.1,
MUSQ08,45.16940239,-66.30276904,2022-09-12,14:17,15.38,46805,30.45,,5.828,,,44.6,3.12,0.8,,12.1,
MUSQ08,45.16940239,-66.30276904,2022-09-12,14:18,15.63,46377,30.14,,0.905,,,33.5,2.37,0.61,,12.1,
MUSQ06,45.17537043,-66.31196701,2022-09-12,14:35,15.78,45433,29.46,,7.468,,,24.9,1.97,0.5,,12.1,
MUSQ06,45.17537043,-66.31196701,2022-09-12,14:36,16.37,43643,28.18,,0.709,,,24.7,2.74,0.7,,12.1,
MUSQ04,45.18288061,-66.31908323,2022-09-12,14:46,16.33,43122,27.81,,5.991,,,30.6,4.38,1.12,,12.2,
MUSQ04,45.18288061,-66.31908323,2022-09-12,14:46,16.86,41459,26.63,,1.479,,,16.8,2.15,0.55,,12.1,
MUSQ02,45.18982284,-66.31967686,2022-09-12,14:57,17.01,40007,25.6,,5.338,,,34.6,4.01,1.03,,12.1,
MUSQ02,45.18982284,-66.31967686,2022-09-12,14:58,18.68,29315,18.18,,1.283,,,29.8,3.72,0.95,,12.2,
MUSQ01,45.19198,-66.31992,2022-09-12,15:05,17.26,38789,24.74,,5.643,,,26.7,3.41,0.87,,12.1,
MUSQ01,45.19198,-66.31992,2022-09-12,15:06,18.85,29066,18.01,,1.044,,,26.5,2.93,0.75,,12.1,
MUSQ03,45.18607949,-66.32305035,2022-09-12,15:24,18.14,34646,21.84,,4.301,,,15.9,3.5,0.9,,12.1,
MUSQ03,45.18607949,-66.32305035,2022-09-12,15:24,18.97,31422,19.61,,1.115,,,20,3.48,0.89,,12.1,
MUSQ07,45.1716904,-66.3080521,2022-09-12,15:39,17.21,39760,25.42,,7.141,,,75.4,4.67,1.2,,12.1,Pressed the sample button twice
MUSQ07,45.1716904,-66.3080521,2022-09-12,15:39,17.22,39700,25.38,,7.119,,,72,4.72,1.21,,12.1,
MUSQ07,45.1716904,-66.3080521,2022-09-12,15:40,17.89,36442,23.09,,1.04,,,87.5,4.38,1.12,,12.2,
MUSQ11,45.17898296,-66.29428724,2022-09-12,15:56,16.26,44433,28.75,,4.689,,,53.4,4.98,1.28,,12.2,
MUSQ11,45.17898296,-66.29428724,2022-09-12,15:57,16.31,44295,28.65,,0.775,,,114.1,4.54,1.17,,12.1,
MUSQ15,45.18655344,-66.28345586,2022-09-12,16:12,15.44,47462,30.92,,5.699,,,150.2,5.03,1.29,,12.2,
MUSQ15,45.18655344,-66.28345586,2022-09-12,16:12,15.51,47375,30.86,,1.142,,,140.9,5.35,1.37,,12.1,
MUSQ19,45.19024139,-66.26320954,2022-09-12,16:28,15.1,48404,31.6,,8.294,,,40.9,3.62,0.93,,12.1,
MUSQ19,45.19024139,-66.26320954,2022-09-12,16:28,15.14,48360,31.57,,1.171,,,41.3,3.59,0.92,,12.2,
MUSQ30,45.14826451,-66.24729642,2022-09-13,11:54,13.92,49547,32.4,,8.558,,,11.5,1.51,0.39,,12.1,
MUSQ30,45.14826451,-66.24729642,2022-09-13,11:55,13.96,49521,32.38,,1.043,,,10.6,1.39,0.35,,12.1,
MUSQ28,45.15721433,-66.24971368,2022-09-13,12:10,13.93,49549,32.4,,6.041,,,7.5,2.92,0.75,,12.1,
MUSQ28,45.15721433,-66.24971368,2022-09-13,12:11,13.96,49532,32.39,,1.017,,,7.5,2.92,0.75,,12.1,
MUSQ26,45.16528631,-66.24460607,2022-09-13,12:19,13.99,49477,32.35,,4.97,,,6.3,1.93,0.5,,12.2,
MUSQ26,45.16528631,-66.24460607,2022-09-13,12:19,13.99,49484,32.36,,0.914,,,9.4,1.47,0.38,,12.2,
MUSQ24,45.17369421,-66.24174325,2022-09-13,12:27,13.93,49562,32.41,,4.38,,,9.1,1.98,0.51,,12.1,
MUSQ24,45.17369421,-66.24174325,2022-09-13,12:27,13.93,49572,32.42,,1.124,,,9.2,1.56,0.4,,12.1,
MUSQ22,45.18092602,-66.2488467,2022-09-13,12:34,14.33,49259,32.2,,5.008,,,7.7,1.42,0.37,,12.1,
MUSQ22,45.18092602,-66.2488467,2022-09-13,12:35,14.53,48937,31.98,,1.091,,,9.2,2.13,0.55,,12.1,
ZONE2A01,45.15793844,-66.25780725,2022-09-13,12:55,13.93,49538,32.4,,5.743,,,8.7,1.42,0.36,,12.2,
ZONE2A01,45.15793844,-66.25780725,2022-09-13,12:55,14.33,49199,32.16,,1.087,,,8.9,1.57,0.4,,12.1,
ZONE2A10,45.15411431,-66.25410074,2022-09-13,13:04,13.91,49549,32.4,,7.173,,,10.3,1.51,0.39,,12.1,
ZONE2A10,45.15411431,-66.25410074,2022-09-13,13:04,13.99,49521,32.39,,1.079,,,7.4,1.53,0.39,,12.2,
ZONE2A12,45.15398236,-66.23504874,2022-09-13,13:16,14.04,49404,32.3,,7.144,,,7.4,1.34,0.34,,12.2,
ZONE2A12,45.15398236,-66.23504874,2022-09-13,13:17,14.05,49397,32.3,,1.008,,,7,1.48,0.38,,12.1,
ZONE302,45.14597023,-66.2424896,2022-09-13,13:37,13.99,49429,32.32,,13.461,,,4.8,1.48,0.38,,12.1,
ZONE302,45.14597023,-66.2424896,2022-09-13,13:38,14.3,49247,32.19,,1.162,,,5,1.57,0.4,,12.2,
MUSQ32,45.14379432,-66.24603952,2022-09-13,13:45,13.9,49495,32.36,,14.122,,,7.6,1.55,0.4,,12.1,
MUSQ32,45.14379432,-66.24603952,2022-09-13,13:45,14.21,49325,32.25,,1.055,,,7.5,1.48,0.38,,12.1,
ZONE303,45.14244681,-66.25058371,2022-09-13,13:58,13.97,49483,32.36,,13.789,,,7.3,1.3,0.33,,12.1,
ZONE303,45.14244681,-66.25058371,2022-09-13,13:59,14.1,49366,32.28,,1.062,,,6,1.69,0.43,,12.1,
ZONE301,45.13875892,-66.25690723,2022-09-13,14:07,13.99,49505,32.37,,14.062,,,6.4,1.22,0.31,,12.1,
ZONE301,45.13875892,-66.25690723,2022-09-13,14:07,14.11,49388,32.29,,1.147,,,5.6,1.83,0.47,,12.1,
ZONE2B01,45.14079538,-66.25800473,2022-09-13,14:23,13.94,49562,32.41,,13.794,,,8.6,1.68,0.43,,12.1,
ZONE2B01,45.14079538,-66.25800473,2022-09-13,14:23,14.13,49491,32.37,,1.069,,,7.1,1.71,0.44,,12.1,
ZONE2B02,45.14356467,-66.26273389,2022-09-13,14:30,14.1,49409,32.31,,7.552,,,12.5,2.58,0.66,,12.1,
ZONE2B02,45.14356467,-66.26273389,2022-09-13,14:31,14.13,49390,32.29,,0.936,,,3.9,2.41,0.62,,12.1,
ZONE2B03,45.14177333,-66.26013833,2022-09-13,14:38,14.03,49489,32.36,,11.606,,,10.4,1.99,0.51,,12.2,
ZONE2B03,45.14177333,-66.26013833,2022-09-13,14:39,14.18,49417,32.32,,1.024,,,6.4,1.92,0.49,,12.1,
ZONE2B02,45.1435,-66.2631,2023-09-12,11:21,13.69,47400,30.83,,6.835,7.77,-62.2,0.2,,0.3,766,12.1,
ZONE2B02,45.1435,-66.2631,2023-09-12,11:22,15.04,43990,28.41,,0.92,7.8,-64.1,-0.5,,0.6,766.1,12.1,
ZONE2B03,45.142,-66.2602,2023-09-12,11:35,13.65,47650,31.01,,10.328,7.82,-65.3,2.3,,0.2,765.9,12.2,
ZONE2B03,45.142,-66.2603,2023-09-12,11:36,15.14,43900,28.35,,0.999,7.85,-67,-0.4,,0.7,765.8,12.1,
ZONE2B01,45.1406,-66.2581,2023-09-12,11:47,13.51,47710,31.05,,12.615,7.85,-66.5,1.7,,0.5,765.7,12.1,
ZONE2B01,45.1405,-66.2583,2023-09-12,11:49,15.02,44130,28.51,,1.021,7.87,-67.9,-0.6,,0.6,765.7,12.2,
ZONE301,45.1387,-66.2583,2023-09-12,12:01,13.69,47720,31.06,,14.942,7.87,-67.9,1.6,,0.4,765.6,12.1,
ZONE301,45.1387,-66.2585,2023-09-12,12:02,15.17,43800,28.28,,1.222,7.89,-69.4,0.3,,0.7,765.7,12.1,
ZONE304,45.1401,-66.2553,2023-09-12,12:13,13.63,47690,31.04,,13.953,7.89,-68.7,1.5,,0.3,765.7,12.1,
ZONE304,45.14,-66.2558,2023-09-12,12:14,15.09,44610,28.86,,1.143,7.91,-70.2,-0.9,,0.7,765.7,12.1,
ZONE303,45.1419,-66.2504,2023-09-12,12:27,13.46,47820,31.13,,16.474,7.89,-68.7,0.5,,0.3,765.7,12.1,
ZONE303,45.1417,-66.2506,2023-09-12,12:28,15.08,44410,28.72,,1.046,7.91,-70.4,-1.1,,0.7,765.7,12.1,
ZONE302,45.1454,-66.242,2023-09-12,12:41,13.81,47760,31.1,,19.595,7.9,-69.6,2.5,,0.4,765.7,12.2,
ZONE302,45.1452,-66.2421,2023-09-12,12:43,15.36,43570,28.12,,1.229,7.92,-70.7,-0.8,,0.9,765.7,12.1,
ZONE2A12,45.1535,-66.2349,2023-09-12,13:12,14.05,46780,30.4,,6.345,7.9,-69.4,-1.1,,0.4,766.8,12.2,
ZONE2A12,45.1534,-66.2349,2023-09-12,13:12,15,45090,29.2,,1.152,7.91,-70.4,-1.3,,0.7,766.8,12.2,
ZONE2A10,45.1537,-66.2543,2023-09-12,13:26,13.75,47480,30.89,,5.806,7.9,-69.5,0.1,,0.5,767.8,12.1,
ZONE2A10,45.1533,-66.2546,2023-09-12,13:28,15.57,42900,27.64,,0.955,7.92,-70.7,-0.9,,0.7,767.6,12.1,
ZONE2A01,45.158,-66.2578,2023-09-12,13:37,14.02,46900,30.48,,4.774,7.91,-69.9,-0.7,,0.6,767.1,12.1,
ZONE2A01,45.158,-66.2578,2023-09-12,13:38,15.51,43040,27.74,,0.989,7.93,-71.2,-1.2,,0.7,767.1,12.1,
MUSQ25,45.169,-66.2414,2023-09-12,13:51,14.17,46460,30.17,,6.173,7.91,-70.1,0.3,,0.5,766.9,12.2,
MUSQ25,45.169,-66.2414,2023-09-12,13:52,15.22,43620,28.15,,1.046,7.92,-70.7,-0.2,,0.6,767.1,12.1,
MUSQ27,45.16154333,-66.24853,2023-09-12,14:02,13.69,47420,30.85,,5.149,7.92,-70.4,-0.3,,0.3,767,12.1,
MUSQ27,45.16154333,-66.24853,2023-09-12,14:03,15.63,42820,27.59,,1.074,7.94,-71.9,-0.7,,0.9,767.1,12.1,
MUSQ29,45.1519,-66.2487,2023-09-12,14:13,13.81,47250,30.73,,6.175,7.93,-71.1,-0.5,,0.5,766.8,12.1,
MUSQ29,45.1516,-66.2491,2023-09-12,14:14,15.72,43150,27.82,,1.014,7.95,-72.6,-1.3,,0.9,766.7,12.1,
MUSQ31,45.14308167,-66.24489333,2023-09-12,14:23,14.14,46860,30.46,,8.764,7.94,-71.8,-1.3,,0.4,766.6,12.1,
MUSQ31,45.14308167,-66.24489333,2023-09-12,14:25,15.43,43810,28.29,,1.166,7.95,-72.5,-1.4,,0.7,766.6,12.1,
MUSQ19,45.19024139,-66.26320954,2023-09-13,11:29,15.26,43510,28.07,,4.924,7.97,-73.4,6.9,,0.7,765.1,12.1,
MUSQ19,45.19024139,-66.26320954,2023-09-13,11:30,15.45,42800,27.57,,1.118,7.97,-73.8,9.9,,0.7,765.1,12.1,
MUSQ01,45.1923,66.55,2023-09-13,12:26,19.38,12700,7.32,,4.501,7.9,-70.4,6.9,,1.8,765.5,12.2,
MUSQ01,45.1922,-66.3199,2023-09-13,12:27,20.47,1194,0.6,,1.253,8.1,-82,9.7,,1.7,765.6,12.1,
MUSQ03,45.1861,-66.3238,2023-09-13,12:49,19.23,14130,8.21,,3.991,7.87,-68.5,4.5,,1.7,765.7,12.1,
MUSQ03,45.1859,-66.3239,2023-09-13,12:50,20.4,3079,1.61,,0.986,7.94,-72.7,8.8,,1.5,765.5,12.2,
MUSQ05,45.1784,-66.3159,2023-09-13,13:03,18.08,24510,14.94,,5.213,7.77,-63.1,4,,1.5,765.5,12.2,
MUSQ05,45.1782,-66.3157,2023-09-13,13:04,19.83,8089,4.5,,1.152,7.85,-67.8,6.3,,1.8,765.5,12.1,
MUSQ07,45.1716,66.55,2023-09-13,13:15,17.78,26840,16.5,,5.88,7.82,-65.6,3.5,,1.4,765.5,12.2,
MUSQ07,45.1713,-66.308,2023-09-13,13:16,19.35,13460,7.79,,1.037,7.73,-61.2,4.5,,1.8,765.5,12.2,
MUSQ09,45.1735,-66.3011,2023-09-13,13:30,17.61,28090,17.34,,4.021,7.78,-63.5,5.2,,1.3,765.7,12.1,
MUSQ09,45.1737,66.3009,2023-09-13,13:31,18.88,18960,11.3,,1.331,7.7,-59.4,5.9,,1.6,765.6,12.2,
MUSQ11,45.1794,-66.2941,2023-09-13,13:43,16.58,35080,22.14,,3.333,7.86,-67.7,5.5,,1.2,765.4,12.1,
MUSQ11,45.1794,-66.2941,2023-09-13,13:44,18.08,24800,15.14,,1.12,7.85,-67.3,5,,1.5,765.4,12.1,
MUSQ13,45.1866,-66.2957,2023-09-13,13:57,15.91,39780,25.43,,5.792,7.94,-72.2,6.7,,0.9,765.4,12.2,
MUSQ13,45.1869,-66.2952,2023-09-13,13:59,17.75,27820,17.16,,1.106,7.9,-69.9,8.3,,1.4,765.4,12.1,
MUSQ15,45.1869,-66.2824,2023-09-13,14:13,15.81,40550,25.97,,5.223,7.95,-72.6,6.7,,0.9,765.4,12.2,
MUSQ15,45.1875,-66.2824,2023-09-13,14:14,17.21,31510,19.68,,0.974,7.96,-73.2,6.1,,1.1,765.4,12.1,
MUSQ17,45.1935,-66.275,2023-09-13,14:25,15.61,41810,26.87,,5.561,7.95,-72.7,9.8,,0.8,765.2,12.2,
MUSQ17,45.1936,-66.2746,2023-09-13,14:25,16.79,34430,21.69,,1.011,7.94,-72.3,7.9,,1.2,765.1,12.1,
MUSQ21,45.1858,-66.256,2023-09-13,14:42,15.81,41180,26.41,,11.926,7.98,-74.3,6,,1,764.9,12.2,
MUSQ21,45.1856,-66.2554,2023-09-13,14:43,16.34,38230,24.34,,1.117,7.98,-74.5,6,,0.7,764.7,12.1,
MUSQ23,45.1778,-66.2428,2023-09-13,14:55,14.34,46530,30.22,,4.097,8,-75.1,1.5,,0.4,764.5,12.1,
MUSQ23,45.1775,-66.2427,2023-09-13,14:55,15.64,41930,26.95,,0.939,8.01,-75.6,2.2,,0.8,764.5,12.1,
MUSQ19,45.19,-66.2631,2024-09-16,12:36,14.3,48116,31.37,,5.945,,,5.6,,0.8,775.3,12.2,
MUSQ19,45.19024139,-66.26320954,2024-09-16,12:37,14.37,47950,31.25,,1.052,,,5.7,,0.6,775.2,12.1,
MUSQ21,45.1838,-66.2532,2024-09-16,12:54,14.25,48177,31.41,,6.231,,,5.5,,0.6,773.2,12.1,
MUSQ21,45.1837,-66.253,2024-09-16,12:54,14.28,48132,31.38,,1.123,,,5.5,,0.6,773.2,12.1,
MUSQ23,45.17770333,-66.242755,2024-09-16,13:09,13.64,48706,31.78,,3.99,,,5.5,,1.7,773,12.1,
MUSQ23,45.1776,66.2432,2024-09-16,13:09,14.03,48502,31.64,,1.005,,,2.9,,0.4,773.2,12.1,
MUSQ25,45.1688,-66.2414,2024-09-16,13:21,13.27,49022,32,,6.088,,,1.6,,0.5,771.9,12.1,
MUSQ25,45.1688,-66.2414,2024-09-16,13:22,13.81,48756,31.82,,1.073,,,1.2,,0.5,771.8,12.2,
MUSQ27,45.1613,-66.2487,2024-09-16,13:33,13.43,49007,31.99,,4.722,,,4.5,,0.6,772.2,12.2,
MUSQ27,45.1612,-66.2488,2024-09-16,13:34,14.09,48781,31.85,,1.121,,,0.3,,0.3,772.4,12.1,
MUSQ29,45.1515,-66.2468,2024-09-16,13:47,13.59,48959,31.96,,7.522,,,2.2,,0.3,771.4,12.1,
MUSQ29,45.1513,-66.2464,2024-09-16,13:49,13.76,48936,31.95,,1.093,,,-0.1,,0.4,771.3,12.1,
MUSQ31,45.1418,-66.2438,2024-09-16,14:02,13.34,49075,32.03,,17.994,,,-0.1,,0.3,771.1,12.2,
MUSQ31,45.1416,66.55,2024-09-16,14:03,13.87,48937,31.96,,0.931,,,-0.8,,0.5,771.1,12.2,
ZONE2B01,45.1416,-66.2579,2024-09-16,14:15,13.45,48992,31.98,,9.714,,,17.9,,0.8,771.3,12.2,
ZONE2B01,45.1416,-66.2577,2024-09-16,14:15,13.62,48995,31.99,,1.096,,,0.7,,0.3,771.3,12.1,
ZONE2B02,45.14356467,-66.26273389,2024-09-16,14:23,13.63,48956,31.96,,4.489,,,0.5,,0.4,771,12.2,
ZONE2B02,45.1435,-66.2617,2024-09-16,14:24,13.69,48950,31.96,,1.035,,,0.3,,0.3,770.7,12.2,
ZONE2B03,45.1416,-66.2593,2024-09-16,14:34,13.08,49126,32.06,,7.545,,,1.8,,1,770.6,12.1,
ZONE2B03,45.1418,-66.2592,2024-09-16,14:36,13.54,48974,31.97,,1.016,,,0.1,,0.3,771,12.1,
ZONE301,45.1386,-66.256,2024-09-16,14:46,12.56,49411,32.25,,12.059,,,9.5,,0.5,770.4,12.1,
ZONE301,45.13875892,-66.25690723,2024-09-16,14:48,13.39,49047,32.02,,1.06,,,2,,0.4,770.1,12.2,
ZONE303,45.1419,-66.25,2024-09-16,15:00,12.98,49216,32.12,,14.028,,,3,,0.3,769.9,12.1,
ZONE303,45.1419,-66.2497,2024-09-16,15:02,13.51,49011,32,,1.122,,,1,,0.4,769.8,12.1,
ZONE302,45.1451,66.55,2024-09-16,15:16,13.6,48972,31.97,,15.909,,,0.7,,0.5,770.4,12.1,
ZONE302,45.145,-66.242,2024-09-16,15:17,14.06,48855,31.9,,1.031,,,0.6,,0.4,770.5,12.2,
ZONE2A12,45.1536,66.2352,2024-09-16,15:25,13.91,48927,31.95,,2.021,,,0.3,,0.3,770.1,12.2,
ZONE2A12,45.15398236,-66.23504874,2024-09-16,15:25,14.01,48934,31.96,,0.917,,,0.5,,0.4,770.1,12.2,
ZONE2A10,45.1543,66.2537,2024-09-16,15:39,14.41,48653,31.76,,2.003,,,2.4,,0.5,770.4,12.1,
ZONE2A10,45.1543,-66.2537,2024-09-16,15:40,14.58,48540,31.69,,1.222,,,2.4,,0.5,770.5,12.1,
ZONE2A01,45.15793844,-66.25780725,2024-09-16,15:46,,,,,,,,,,,,,Deep sample was not saved. 
ZONE2A01,45.1579,-66.2574,2024-09-16,15:46,14.65,48468,31.64,,0.996,,,13.9,,0.7,770.5,12.2,
MUSQ01,45.1919,-66.32,2024-09-17,11:37,17.35,35805,22.65,,4.423,,,37.5,,0.8,773.2,12.1,
MUSQ01,45.19198,-66.31992,2024-09-17,11:38,17.82,27503,16.95,,0.969,,,27.2,,0.8,773.3,12.1,
MUSQ03,45.1864,-66.3231,2024-09-17,11:53,17.09,37788,24.03,,3.709,,,24.4,,1,773.3,12.1,
MUSQ03,45.1864,-66.3232,2024-09-17,11:54,17.47,36479,23.12,,1.058,,,24.6,,0.7,773.5,12.1,
MUSQ05,45.1787,-66.3161,2024-09-17,12:09,16.01,42599,27.43,,6.156,,,31.3,,1,771.5,12.1,
MUSQ05,45.1787,-66.3162,2024-09-17,12:10,16.84,40114,25.67,,1.078,,,27.8,,0.9,771.6,12.1,
MUSQ07,45.1714,-66.3076,2024-09-17,12:25,15.32,45087,29.2,,5.11,,,26.5,,0.8,770.1,12.2,
MUSQ07,45.1713,-66.3075,2024-09-17,12:25,15.9,43682,28.21,,1.096,,,23.2,,0.8,770.1,12.1,
MUSQ09,45.1733,-66.301,2024-09-17,12:40,14.82,46667,30.33,,6.116,,,19.3,,0.8,769.5,12.1,
MUSQ09,45.1738,-66.301,2024-09-17,12:41,15.52,45273,29.34,,1.092,,,18.3,,0.9,769.4,12.2,
MUSQ11,45.1796,-66.2943,2024-09-17,12:54,14.53,47500,30.93,,5.985,,,37.1,,0.9,769.3,12.2,
MUSQ11,45.1798,-66.2947,2024-09-17,12:55,15.22,46583,30.28,,1.012,,,30.3,,0.7,769.5,12.1,
MUSQ13,45.1861,66.296,2024-09-17,13:07,14.46,47876,31.2,,6.39,,,36.2,,0.8,770.4,12.2,
MUSQ13,45.1864,-66.2957,2024-09-17,13:08,14.6,47724,31.1,,1.111,,,33.6,,0.8,770.3,12.1,
MUSQ15,45.1861,-66.2827,2024-09-17,13:20,14.34,48180,31.42,,6.536,,,21.5,,0.7,769.5,12.1,
MUSQ15,45.1867,-66.2821,2024-09-17,13:21,14.65,48006,31.3,,0.969,,,27.6,,0.9,769.4,12.2,
MUSQ17,45.1937,66.2766,2024-09-17,13:33,14.26,48413,31.59,,5.45,,,21.4,,0.7,770.4,12.2,
MUSQ17,45.1937,-66.2764,2024-09-17,13:34,14.56,48286,31.5,,0.982,,,26.7,,0.8,770.4,12.1,
MUSQ21,45.185815,-66.25642333,2025-09-10,12:07:02,13.62,49092,32.06,29.63,10.609,,,12.8,1.7,0.4,,12.2,
MUSQ21,45.185815,-66.25642333,2025-09-10,12:09:02,13.77,49059,32.04,15.739,1.071,,,7.3,0.5,0.1,,12.1,
MUSQ19,45.19024139,-66.26320954,2025-09-10,12:36:33,13.61,49188,32.13,27.718,9.295,,,13.9,1.7,0.4,,12.1,
MUSQ19,45.19024139,-66.26320954,2025-09-10,12:38:09,13.62,49192,32.13,15.819,1.126,,,9,1.9,0.5,,12.1,
MUSQ17,45.19351167,-66.27608667,2025-09-10,12:52:02,13.7,49197,32.14,18.08,2.678,,,15.5,1.8,0.5,,12.1,
MUSQ17,45.19351167,-66.27608667,2025-09-10,12:52:30,13.73,49185,32.13,15.828,1.132,,,16.4,1.6,0.4,,12.1,
MUSQ15,45.18655344,-66.28345586,2025-09-10,13:06:05,13.76,49192,32.14,18.918,3.254,,,15.3,2.1,0.5,,12,
MUSQ15,45.18655344,-66.28345586,2025-09-10,13:06:34,13.8,49185,32.13,15.695,1.041,,,14,1.8,0.5,,12.1,
MUSQ13,45.18606667,-66.29611167,2025-09-10,13:18:42,13.82,49189,32.14,23.336,6.287,,,19.1,1.8,0.4,,12.1,
MUSQ13,45.18606667,-66.29611167,2025-09-10,13:19:14,13.83,49191,32.14,15.566,0.952,,,16,1.9,0.5,,12.1,
MUSQ11,45.17898296,-66.29428724,2025-09-10,13:29:42,13.95,49160,32.12,19.055,3.348,,,20.1,2.4,0.6,,12.1,
MUSQ11,45.17898296,-66.29428724,2025-09-10,13:30:00,14,49149,32.11,15.839,1.139,,,16.9,1.7,0.4,,12.1,
MUSQ09,45.17325833,-66.30051167,2025-09-10,13:42:11,14.06,49085,32.07,24.318,6.962,,,31.5,2.9,0.8,,12.1,
MUSQ09,45.17325833,-66.30051167,2025-09-10,13:43:13,14.06,49082,32.07,15.77,1.092,,,30.6,2.2,0.6,,12.1,
MUSQ07,45.1716904,-66.3080521,2025-09-10,13:54:17,14.32,48924,31.96,21.388,4.951,,,45.2,2.3,0.6,,12.1,
MUSQ07,45.1716904,-66.3080521,2025-09-10,13:55:05,14.44,48898,31.94,15.485,0.897,,,19.2,2.4,0.6,,12.1,
MUSQ05,45.17910199,-66.31578937,2025-09-10,14:07:11,14.78,48629,31.76,19.369,3.565,,,42.4,3,0.8,,12.1,
MUSQ05,45.17910199,-66.31578937,2025-09-10,14:07:35,14.97,48485,31.66,15.895,1.179,,,36,3.4,0.9,,12.1,
MUSQ03,45.18607949,-66.32305035,2025-09-10,14:19:39,15.52,48107,31.39,17.43,2.234,,,32.7,3.2,0.8,,12.1,
MUSQ03,45.18607949,-66.32305035,2025-09-10,14:19:57,15.51,48112,31.4,15.718,1.057,,,31,2.6,0.7,,12.1,
MUSQ01,45.19198,-66.31992,2025-09-10,14:30:14,16.08,47586,31.03,19.318,3.533,,,24.2,3.2,0.8,,12.1,
MUSQ01,45.19198,-66.31992,2025-09-10,14:30:38,16.41,47113,30.69,15.703,1.048,,,22.7,1.8,0.5,,12.1,
MUSQ23,45.17770333,-66.242755,2025-09-10,,,,,,,,,,,,,,battery failure
MUSQ23,45.17770333,-66.242755,2025-09-10,,,,,,,,,,,,,,battery failure
MUSQ25,45.16897333,-66.24133833,2025-09-10,,,,,,,,,,,,,,battery failure
MUSQ25,45.16897333,-66.24133833,2025-09-10,,,,,,,,,,,,,,battery failure
ZONE301,45.13875892,-66.25690723,2025-09-11,11:01:12,12.67,49544,32.35,31.249,11.716,,,4.3,1.2,0.3,,12.1,
ZONE301,45.13875892,-66.25690723,2025-09-11,11:02:15,13.3,49322,32.22,15.64,1.003,,,0.6,1,0.3,,12.1,
ZONE303,45.14244681,-66.25058371,2025-09-11,11:15:49,12.89,49527,32.35,31.063,11.589,,,6.8,1.6,0.4,,12.1,
ZONE303,45.14244681,-66.25058371,2025-09-11,11:16:34,12.96,49513,32.34,15.692,1.038,,,4,1.2,0.3,,12.1,
MUSQ31,45.14308167,-66.24489333,2025-09-11,11:26:00,12.77,49605,32.4,33.617,13.341,,,7.6,0.8,0.2,,12.1,
MUSQ31,45.14308167,-66.24489333,2025-09-11,11:26:51,13.04,49543,32.37,15.728,1.063,,,2.9,0.8,0.2,,12.1,
ZONE302,45.14597023,-66.2424896,2025-09-11,11:33:53,12.68,49655,32.44,36.832,15.546,,,9.6,1.6,0.4,,12.1,
ZONE302,45.14597023,-66.2424896,2025-09-11,11:34:58,12.73,49625,32.42,15.662,1.018,,,8.6,1.7,0.4,,12.1,
MUSQ29,45.151995,-66.24855833,2025-09-11,11:46:42,12.76,49635,32.42,22.706,5.852,,,11.5,1.6,0.4,,12.1,
MUSQ29,45.151995,-66.24855833,2025-09-11,11:47:13,12.89,49596,32.4,15.743,1.073,,,5.6,1.7,0.4,,12.1,
ZONE2A10,45.15411431,-66.25410074,2025-09-11,11:53:35,12.71,49683,32.46,20.478,4.323,,,8.4,1.3,0.3,,12.1,
ZONE2A10,45.15411431,-66.25410074,2025-09-11,11:53:57,12.85,49690,32.47,15.741,1.072,,,8.4,1.3,0.3,,12.1,
ZONE2A01,45.15793844,-66.25780725,2025-09-11,12:01:13,13.21,49488,32.33,19.179,3.432,,,3.2,1.7,0.4,,12.1,
ZONE2A01,45.15793844,-66.25780725,2025-09-11,12:01:56,13.39,49467,32.33,15.681,1.031,,,3.1,0.7,0.2,,12.2,
MUSQ27,45.16154333,-66.24853,2025-09-11,12:15:20,12.83,49667,32.45,20.916,4.623,,,9.7,0.9,0.2,,12,
MUSQ27,45.16154333,-66.24853,2025-09-11,12:15:55,12.89,49661,32.45,15.683,1.032,,,6.3,0.9,0.2,,12.1,
ZONE2A12,45.15398236,-66.23504874,2025-09-11,12:32:53,12.81,49677,32.46,21.89,5.292,,,6.8,1.4,0.4,,12.1,
ZONE2A12,45.15398236,-66.23504874,2025-09-11,12:33:20,13.12,49600,32.41,15.63,0.996,,,5.7,0,0,,12.1,
ZONE2B01,45.14079538,-66.25800473,2025-09-11,13:49:19,12.84,49668,32.45,33.036,12.942,,,5.6,1,0.3,,12.1,
ZONE2B01,45.14079538,-66.25800473,2025-09-11,13:50:15,13.4,49561,32.39,15.745,1.075,,,1.3,0.6,0.1,,12,
ZONE2B03,45.14177333,-66.26013833,2025-09-11,13:56:42,12.85,49650,32.44,30.366,11.109,,,2.9,1.3,0.3,,12.1,
ZONE2B03,45.14177333,-66.26013833,2025-09-11,13:57:42,13.11,49562,32.38,15.75,1.078,,,2.2,1.2,0.3,,12.1,
ZONE2B02,45.14356467,-66.26273389,2025-09-11,14:05:33,12.99,49649,32.44,24.48,7.07,,,5.1,1.6,0.4,,12.1,
ZONE2B02,45.14356467,-66.26273389,2025-09-11,14:06:19,13,49639,32.44,15.731,1.065,,,4.8,1.6,0.4,,12.1,
